1001,BIO F110,BIOLOGY LABORATORY,0  2  1,1,MEGHANA TARE (599),BIOSC,3219,M,1 2,,30/04  FN
,,,,2,Sandhya Marathe (144),BIOSC,3219,M,3 4,,
,,,,3,Bhagavatula Vani (904),BIOSC,3219,M,6 7,,
,,,,4,Leena Fageria (RS) (496),BIOSC,3219,M,8 9,,
,,,,5,Sudeshna M Choudhury (112),BIOSC,3219,T,1 2,,
,,,,6,Ankita Daiya (RS) (389),BIOSC,3219,T,3 4,,
,,,,7,Sumukh Thakar (RS) (1065),BIOSC,3219,T,6 7,,
,,,,8,Bhagavatula Vani (904),BIOSC,3219,T,8 9,,
,,,,9,Leena Fageria (RS) (496),BIOSC,3219,W,1 2,,
,,,,10,Aishwarya Singh (RS) (380),BIOSC,3219,W,3 4,,
,,,,11,Neelam Mahala (RS) (628),BIOSC,3219,W,6 7,,
,,,,12,Heena Saini (RS) (631),BIOSC,3219,W,8 9,,
,,,,13,Neelam Mahala (RS) (628),BIOSC,3219,Th,1 2,,
,,,,14,Heena Saini (RS) (631),BIOSC,3219,Th,3 4,,
,,,,15,Vikram Pareek (RS) (236),BIOSC,3219,Th,6 7,,
,,,,16,Aishwarya Singh (RS) (380),BIOSC,3219,Th,8 9,,
,,,,17,Sandhya Marathe (144),BIOSC,3219,F,1 2,,
,,,,18,Vikram Pareek (RS) (236),BIOSC,3219,F,3 4,,
,,,,19,Shilpi Garg (909),BIOSC,3219,S,3 4,,
,,,,20,Ankita Daiya (RS) (389),BIOSC,3219,F,8 9,,
,,,,21,Sudeshna M Choudhury (112),BIOSC,3219,S,1 2,,
,,,,22,Sumukh Thakar (RS) (1065),BIOSC,3219,F,6 7,,
1002,BIO F111,GENERAL BIOLOGY,3  0  3,1,MANOJ KANNAN (393),BIOSC,5102,M W F,2,,13/05  FN
,,,,,Pankaj Kumar Sharma (378),BIOSC,,,,,
,,,,,Syamantak Majumder (561),BIOSC,,,,,
,,,,2,Syamantak Majumder (561),BIOSC,5105,M W F,7,,
,,,,,Manoj Kannan (393),BIOSC,,,,,
,,,,,Pankaj Kumar Sharma (378),BIOSC,,,,,
,,Tutorial,,1,Pankaj Kumar Sharma (378),BIOSC,6103,T,7,,
,,,,2,Vishalakshi (RS) (613),BIOSC,6101,T,2,,
,,,,3,Uma S Dubey (605),BIOSC,6104,T,7,,
,,,,4,Syamantak Majumder (561),BIOSC,6109,F,1,,
,,,,5,Jola Dubey (148),BIOSC,6103,T,2,,
,,,,6,Vishal Saxena (568),BIOSC,6152,F,1,,
,,,,7,TBA (Biosc) (962),BIOSC,6103,Th,8,,
,,,,8,Uma S Dubey (605),BIOSC,6104,Th,8,,
,,,,9,Jola Dubey (148),BIOSC,6107,Th,8,,
,,,,10,Rajdeep Chowdhury (229),BIOSC,6105,T,2,,
,,,,11,Syamantak Majumder (561),BIOSC,6104,Th,4,,
,,,,12,Vishalakshi (RS) (613),BIOSC,6151,T,7,,
1423,BIO F215,BIOPHYSICS,3  0  3,1,SHIBASISH CHOWDHURY (815),BIOSC,6154,T Th S,4,,08/05  FN
,,,,,Navin Singh (397),PHY,,,,,
,,Tutorial,,1,Shibasish Chowdhury (815),BIOSC,6154,S,2,,
,,,,,Navin Singh (397),PHY,,,,,
1779,BIO F231,BIOLOGY PROJECT LAB,0  0  3,1,SHILPI GARG (909),BIOSC,2215,M,3,,10/05  FN
,,Practical,,1,Abhilasha Srivastava (RS) (609),BIOSC,3125,W F,7 8,,
,,,,,Poonam Singh (RS) (494),BIOSC,,,,,
,,,,,Shilpi Garg (909),BIOSC,,,,,
1424,BIO F241,ECOLOGY & ENVIRON SCI,3  0  3,1,BHAGAVATULA VANI (904),BIOSC,6153,M W F,3,,10/05  FN
,,Tutorial,,1,Bhagavatula Vani (904),BIOSC,6153,W,1,,
1430,BIO F242,INTRO TO BIOINFORMATICS,3  0  3,1,SHIBASISH CHOWDHURY (815),BIOSC,6161,M W F,2,,14/05  FN
,,Tutorial,,1,Shibasish Chowdhury (815),BIOSC,6161,T,2,,
1425,BIO F243,GENETICS,3  0  3,1,MANOJ KANNAN (393),BIOSC,6161,M W F,4,,01/05  FN
,,Tutorial,,1,Manoj Kannan (393),BIOSC,6161,F,1,,
1426,BIO F244,INSTRU METHODS OF ANAL,1  3  4,1,Pankaj Kumar Sharma (378),BIOSC,6160,S,2,,03/05  FN
,,Practical,,1,Pankaj Kumar Sharma (378),BIOSC,3155,T Th,1 2 3,,
,,,,,Uma S Dubey (605),BIOSC,,,,,
,,,,2,PRABHAT NATH JHA (353),BIOSC,3155,T Th,7 8 9,,
,,,,,P R Deepa (2067),BIOSC,,,,,
,,,,,Rajdeep Chowdhury (229),BIOSC,,,,,
1651,BIO F266,STUDY PROJECT,0  0  3,1,PRABHAT NATH JHA (353),BIOSC,,,,,
1454,BIO F314,CONSERVATION BIOLOGY,2  1  3,1,SANDHYA MARATHE (144),BIOSC,1219,T Th,3,,03/05  FN
,,Practical,,1,Sandhya Marathe (144),BIOSC,1219,W,2 3,,
2287,BIO F315,APPLIED   NUTRITION &,2  0  2,1,P R DEEPA (2067),BIOSC,1220,M W,7,,11/05  FN
,,,,,Sudeshna M Choudhury (112),BIOSC,,,,,
1431,BIO F341,DEVELOPMENTAL BIOLOGY,3  0  3,1,MEGHANA TARE (599),BIOSC,6153,T Th S,5,,13/05  FN
,,Tutorial,,1,Meghana Tare (599),BIOSC,6153,F,1,,
1432,BIO F342,IMMUNOLOGY,3  0  3,1,UMA S DUBEY (605),BIOSC,6153,M W F,5,,06/05  FN
,,,,,AK Das (275),BIOSC,,,,,
,,Tutorial,,1,AK Das (275),BIOSC,6153,S,1,,
,,,,,Uma S Dubey (605),BIOSC,,,,,
1650,BIO F366,LABORATORY PROJECT,0  0  3,1,PRABHAT NATH JHA (353),BIOSC,,,,,
1736,BIO F367,LABORATORY PROJECT,0  0  3,1,PRABHAT NATH JHA (353),BIOSC,,,,,
1685,BIO F376,DESIGN PROJECT,0  0  3,1,PRABHAT NATH JHA (353),BIOSC,,,,,
1752,BIO F377,DESIGN PROJECT,0  0  3,1,PRABHAT NATH JHA (353),BIOSC,,,,,
1618,BIO F411,LABORATORY,0  3  3,1,SHILPI GARG (909),BIOSC,3126,T Th,7 8 9,,
,,,,,Jitendra Panwar (14),BIOSC,,,,,
,,,,,Shibasish Chowdhury (815),BIOSC,,,,,
1434,BIO F418,GENETIC ENGINEERING TECH,1  3  4,1,PRABHAT NATH JHA (353),BIOSC,2216,M,8,,02/05  FN
,,Practical,,1,Prabhat Nath Jha (353),BIOSC,3122,T Th,1 2 3,,
,,,,,Nidhi Bub (RS) (3112),BIOSC,,,,,
1710,BIO F491,SPECIAL PROJECT,0  0  3,1,PRABHAT NATH JHA (353),BIOSC,,,,,
111,BIO G515,STEM CELL & REGENER BIO,3  1  4,1,RAJDEEP CHOWDHURY (229),BIOSC,1219,M W F,7,,11/05 AN
2123,BIO G544,BIOREMEDIATION &,0  0  5,1,SK VERMA (349),BIOSC,1219,M W F,4,,01/05  FN
,,,,,Suresh Gupta (656),CHE,,,,,
2124,BIO G545,MOL PARASIT & VECTOR BIO,0  0  5,1,VISHAL SAXENA (568),BIOSC,2215,T Th S,3,,03/05 AN
2168,BIO G561,ADV RECOMBINANT DNA TECH,3  2  5,1,AK DAS (275),BIOSC,6161,M W F,9,,09/05 AN
203,BIO G642,EXPERIMENTAL TECHNIQUES,0  0  5,1,SUDESHNA M CHOUDHURY (112),BIOSC,1219,T,2,,09/05 AN
,,,,,Syamantak Majumder (561),BIOSC,,,,,
,,Practical,,1,Syamantak Majumder (561),BIOSC,3122,T Th,7 8 9 10,,
,,,,,Astha Mittal (RS) (356),BIOSC,,,,,
,,,,,Saumya Arora (RS) (1055),BIOSC,,,,,
,,,,,Sudeshna M Choudhury (112),BIOSC,,,,,
956,BIO G643,PLANT BIOTECHNOLOGY,3  2  5,1,JITENDRA PANWAR (14),BIOSC,1219,T Th S,4,,08/05 AN
,,,,,Bhagavatula Vani (904),BIOSC,,,,,
,,Practical,,1,Monika Paul (RS) (319),BIOSC,3122,S,1 2,,
,,,,,Bhagavatula Vani (904),BIOSC,,,,,
1374,BIOT F416,INTRO TO PHARMA BIOTECH,3  0  3,1,VISHAL SAXENA (568),BIOSC,6162,M W F,9,,04/05  FN
,,,,,Aniruddha Roy (128),PHA,,,,,
549,BITS C790T,INDEPENDENT STUDY,0  0  2,1,JITENDRA PANWAR (14),BIOSC,,,,,
596,BITS C791T,TEACHING PRACTICE I,0  0  1,1,JITENDRA PANWAR (14),BIOSC,,,,,
602,BITS C792T,TEACHING PRACTICE II,0  0  1,1,JITENDRA PANWAR (14),BIOSC,,,,,
520,BITS C797T,PHD SEMINAR,0  0  2,1,JITENDRA PANWAR (14),BIOSC,,,,,
553,BITS C799T,PHD THESIS,0  0 40,1,JITENDRA PANWAR (14),BIOSC,,,,,
857,BITS E793T,PRACTICE LECT SERIES I,0  0  1,1,JITENDRA PANWAR (14),BIOSC,,,,,
858,BITS E794T,PRACTICE LECT SERIES II,0  0  1,1,JITENDRA PANWAR (14),BIOSC,,,,,
1003,BITS F110,ENGINEERING GRAPHICS,1  2  2,1,RAVINDER KUMAR (505),ME,5105,T,9,,03/05 AN
,,,,,Shuvendu N Patel (253),CE,,,,,
,,Practical,,1,Makrand Waghle (RS) (371),CE,6118,M F,1 2,,
,,,,,Amresh Kumar (RS) (95),ME,,,,,
,,,,2,Harish Kumar Mulchandani (RS) (514,CE,6118,M F,3 4,,
,,,,,Anuj Dixit (RS) (510),ME,,,,,
,,,,3,Rajesh Kumar (46),CE,6118,T Th,1 2,,
,,,,,Nitesh Sihag (RS) (340),ME,,,,,
,,,,4,Vidhi Vyas (RS) (72),CE,6118,T Th,3 4,,
,,,,,Santosh Kumar Saini (RS) (604),ME,,,,,
,,,,5,Kamlesh Kumar (828),CE,6118,T Th,7 8,,
,,,,,Shailendra Singh (RS) (646),ME,,,,,
,,,,6,Vasanth Keshav (RS) (56),CE,6118,W S,1 2,,
,,,,,TBA (Me) (972),ME,,,,,
,,,,7,Vishal Singh (RS) (680),CE,6114,T S,1 2,,
,,,,,TBA (Me) (972),ME,,,,,
,,,,8,V Sudhir (RS) (81),CE,6117,M F,2 3,,
,,,,,TBA (Me) (972),ME,,,,,
,,,,9,Somya Agarwal (RS) (579),CE,6116,M F,2 3,,
,,,,,TBA (Me) (972),ME,,,,,
1005,BITS F112,TECH REPORT WRITING,2  0  2,1,DEVIKA (472),HSS,6155,M W,3,,06/05  FN
,,,,2,Gajendra S Chauhan (16),HSS,6102,T Th,2,,
,,,,3,Sushila Shekhawat (590),HSS,6101,T Th,7,,
,,,,4,Virendra Singh Nirban (725),HSS,6102,T Th,8,,
,,,,5,Sangeeta Sharma (615),HSS,6102,T Th,9,,
1860,BITS F114,GENERAL MATHEMATICS II,3  0  3,1,SURESH KUMAR (28),MATH,2216,M W F,4,,01/05  FN
,,Tutorial,,1,Suresh Kumar (28),MATH,2216,Th,7,,
1892,BITS F214,SCIENCETECH & MODERNITY,3  0  3,1,SUNITA RAINA (331),HSS,6105,T Th S,3,,03/05  FN
1632,BITS F225,ENVIRONMENTAL STUDIES,3  0  3,1,PANKAJ KUMAR SHARMA (378),BIOSC,5102,M W F,10,,09/05  FN
,,,,,Arvind Kumar Sharma (864),CHE,,,,,
,,,,,Nishant Roy (241),CE,,,,,
,,,,,Pankaj Kumar Sharma (378),BIOSC,,,,,
,,,,,Sailaja Nandigama (370),HSS,,,,,
,,,,,Sandhya Marathe (144),BIOSC,,,,,
,,,,,Smita Raghuvanshi (711),CHE,,,,,
1332,BITS F311,IMAGE PROCESSING,3  0  3,1,RAJ KUMAR GUPTA (941),PHY,2215,T Th S,2,,14/05  FN
1334,BITS F312,NEURAL NET & FUZZY LOGIC,3  0  3,1,SUREKHA BHANOT (526),EEE/INS,6105,M W F,3,,10/05  FN
,,,,,Bijoy K Mukharjee (184),EEE/INS,,,,,
1511,BITS F316,NONLINEAR DYNA & CHAOS,3  0  3,1,TAPOMOY G SARKAR (109),PHY,6153,M W F,7,,11/05  FN
1790,BITS F381,TIC PROJECTS,0  0  3,1,ANU GUPTA (44),EEE/INS,,,,,
1791,BITS F382,READING COURSE,0  0  3,1,SURESH GUPTA (656),CHE,,,,,
1792,BITS F383,TIC PROJECTS,0  0  3,1,ANU GUPTA (44),EEE/INS,,,,,
1592,BITS F412,PRACTICE SCHOOL II,0  0 20,1,S GURUNARAYANAN (928),EEE/INS,,,,,
1615,BITS F413,PRACTICE SCHOOL II,0  0 20,1,S GURUNARAYANAN (928),EEE/INS,,,,,
1593,BITS F421T,THESIS,0  0 16,1,SURESH GUPTA (656),CHE,,,,,
1616,BITS F422T,THESIS,0  0 16,1,SURESH GUPTA (656),CHE,,,,,
1617,BITS F423T,THESIS,0  0  9,1,SURESH GUPTA (656),CHE,,,,,
1619,BITS F424T,THESIS,0  0  9,1,SURESH GUPTA (656),CHE,,,,,
1899,BITS F429,NANOTECH FOR RENEW ENRGY &,3  1  4,1,KRISHNA CHAITANYA ETIKA (75),CHE,6101,M W F,7,,11/05  FN
,,,,,Banasri Roy (170),CHE,,,,,
1811,BITS F441,ROBOTICS,3  0  3,1,BIJOY KUMAR RAUT (293),ME,2215,M W F,8,,02/05  FN
1817,BITS F447,MULTIMEDIA COMPUTING,3  0  3,1,MUKESH KR ROHIL (106),CS/IS,6160,M W F,8,,02/05  FN
1820,BITS F449,FINANCIAL ENGINEERING,3  0  3,1,UDAYAN CHANDA (147),MGTS,6162,M W F,8,,02/05  FN
1338,BITS F463,CRYPTOGRAPHY,3  0  3,1,ABHISHEK MISHRA (60),CS/IS,6162,T Th S,3,,03/05  FN
,,,,,Ashutosh Bhatia (279),CS/IS,,,,,
1339,BITS F464,MACHINE LEARNING,3  0  3,1,NAVNEET GOYAL (93),CS/IS,6151,T Th S,3,,03/05  FN
,,,,,Kamlesh Tiwari (208),CS/IS,,,,,
,,Practical,,1,Kamlesh Tiwari (208),CS/IS,6116,T,1,,
,,,,2,Kamlesh Tiwari (208),CS/IS,6114,W,1,,
1641,BITS F482,CREAT & LEAD ENTREP ORGN,3  0  3,1,JYOTI (562),MGTS,6156,M W F,8,,01/05 AN
1852,BITS F490,PROJECT MANAGEMENT,0  0  4,1,ANIL K BHATT (799),MGTS,6159,T Th S,3,,13/05 AN
,,,,,Udayan Chanda (147),MGTS,,,,,
499,BITS G511,ADVANCED PROJECTS,0  0  5,1,JITENDRA PANWAR (14),BIOSC,,,,,
547,BITS G513,STUDY IN ADVANCED TOPICS,0  0  5,1,JITENDRA PANWAR (14),BIOSC,,,,,
2259,BITS G516,INTRO TO BUSINESS,3  0  3,1,PRAVEEN GOYAL (156),MGTS,6160,M W F,9,,09/05 AN
754,BITS G529,RESEARCH PROJECT I,0  0  6,1,JITENDRA PANWAR (14),BIOSC,,,,,
755,BITS G539,RESEARCH PROJECT II,0  0  6,1,JITENDRA PANWAR (14),BIOSC,,,,,
2003,BITS G540,RESEARCH PRACTICE,0  0  4,1,JITENDRA PANWAR (14),BIOSC,,,,,
559,BITS G560,PRACTICE SCHOOL,0  0 20,1,S GURUNARAYANAN (928),EEE/INS,,,,,
575,BITS G561T,DISSERTATION,0  0 16,1,JITENDRA PANWAR (14),BIOSC,,,,,
2164,BITS G562T,DISSERTATION,0  0 16,1,JITENDRA PANWAR (14),BIOSC,,,,,
2165,BITS G563T,DISSERTATION,0  0 16,1,JITENDRA PANWAR (14),BIOSC,,,,,
756,BITS G629T,DISSERTATION,0  0 25,1,JITENDRA PANWAR (14),BIOSC,,,,,
809,BITS G639,PRACTICE SCHOOL,0  0 20,1,S GURUNARAYANAN (928),EEE/INS,,,,,
757,BITS G649,READING COURSE,0  0  5,1,JITENDRA PANWAR (14),BIOSC,,,,,
2167,BITS G661,RESEARCH METHODOLOGY I,0  0  5,1,JITENDRA PANWAR (14),BIOSC,1219,T Th,8 9,,
1191,CE F241,ANALYSIS OF STRUCTURES,3  0  3,1,ANSHUMAN (32),CE,6106,T Th S,4,,08/05  FN
,,,,,Dipendu Bhunia (116),CE,,,,,
,,Tutorial,,1,Anshuman (32),CE,6156,W,1,,
,,,,,Harish Kumar Mulchandani (RS) (514,CE,,,,,
,,,,2,Dipendu Bhunia (116),CE,6107,W,1,,
1192,CE F242,CONSTRUCTION PLAN & TECH,3  0  3,1,G MUTHUKUMAR (949),CE,6104,T Th S,3,,03/05  FN
,,,,,Mukund Lahoti (217),CE,,,,,
,,Tutorial,,1,Mukund Lahoti (217),CE,6101,M,1,,
,,,,2,Mukund Lahoti (217),CE,6103,M,1,,
,,,,,Raya Raghavendra Kumar (RS) (577,CE,,,,,
1193,CE F243,SOIL MECHANICS,3  1  4,1,KAMLESH KUMAR (828),CE,6101,M W F,3,,10/05  FN
,,Practical,,1,Nishant Roy (241),CE,1131,T,7 8,,
,,,,,Sanket Rawat (RS) (682),CE,,,,,
,,,,2,Kamlesh Kumar (828),CE,1131,W,7 8,,
,,,,,Gauravdeep Singh (RS) (164),CE,,,,,
,,,,3,Shibani K Jha (180),CE,1131,Th,7 8,,
,,,,,Sanket Rawat (RS) (682),CE,,,,,
,,Tutorial,,1,Nishant Roy (241),CE,6101,T,1,,
,,,,2,Kamlesh Kumar (828),CE,6154,T,1,,
1194,CE F244,HIGHWAY ENGINEERING,3  1  4,1,PRIYANSH SINGH (232),CE,6155,M W F,4,,01/05  FN
,,,,,Durgesh Vikram (282),CE,,,,,
,,Practical,,1,Mukund Lahoti (217),CE,1129,T,7 8,,
,,,,,Gauravdeep Singh (RS) (164),CE,,,,,
,,,,2,Durgesh Vikram (282),CE,1129,Th,7 8,,
,,,,,Rishab Bajpai (RS) (578),CE,,,,,
,,,,3,Priyansh Singh (232),CE,1129,F,7 8,,
,,,,,Rishab Bajpai (RS) (578),CE,,,,,
,,Tutorial,,1,Priyansh Singh (232),CE,6103,Th,1,,
,,,,2,Durgesh Vikram (282),CE,6104,Th,1,,
1652,CE F266,STUDY PROJECT,0  0  3,1,ANSHUMAN (32),CE,,,,,
2282,CE F321,ENGINEERING HYDROLOGY,3  0  3,1,SHIBANI K JHA (180),CE,6163,M W F,5,,06/05  FN
,,Tutorial,,1,Shibani K Jha (180),CE,6154,S,1,,
,,,,2,Rahul Dandautiya (RS) (268),CE,6155,S,1,,
1217,CE F324,NUMERICAL ANALYSIS,3  0  3,1,SHIBANI K JHA (180),CE,1231,T Th S,3,,03/05  FN
1198,CE F341,HYDRO & WATER RES ENGG,3  0  3,1,SHIBANI K JHA (180),CE,6163,M W F,5,,06/05  FN
,,Tutorial,,1,Shibani K Jha (180),CE,6154,S,1,,
,,,,2,Rahul Dandautiya (RS) (268),CE,6155,S,1,,
1199,CE F342,WATER & WASTEWATER TREAT,3  1  4,1,ANUPAM SINGHAL (299),CE,6151,T Th S,4,,08/05  FN
,,Practical,,1,Anupam Singhal (299),CE,1111,T,1 2,,
,,,,,Raya Raghavendra Kumar (RS) (577,CE,,,,,
,,,,,Soumya Kar (RS) (515),CE,,,,,
,,,,2,Anupam Singhal (299),CE,1111,Th,7 8,,
,,,,,Harish Puppala (RS) (61),CE,,,,,
,,,,,Rahul Dandautiya (RS) (268),CE,,,,,
,,Tutorial,,1,Soumya Kar (RS) (515),CE,6109,W,1,,
,,,,2,Anupam Singhal (299),CE,6161,W,1,,
1200,CE F343,DES OF STEEL STRUCTURES,3  0  3,1,MANOJ KUMAR (657),CE,6101,M W F,4,,01/05  FN
,,Tutorial,,1,Manoj Kumar (657),CE,6155,Th,1,,
,,,,2,Vishal Singh (RS) (680),CE,6101,Th,1,,
1667,CE F366,LABORATORY PROJECT,0  0  3,1,ANSHUMAN (32),CE,,,,,
1737,CE F367,LABORATORY PROJECT,0  0  3,1,ANSHUMAN (32),CE,,,,,
1686,CE F376,DESIGN PROJECT,0  0  3,1,ANSHUMAN (32),CE,,,,,
1753,CE F377,DESIGN PROJECT,0  0  3,1,ANSHUMAN (32),CE,,,,,
1232,CE F419,GEOTECH EQ ENG & MC FOUN,3  0  3,1,NISHANT ROY (241),CE,2216,M W F,3,,10/05  FN
1233,CE F420,INTRO   TO BRIDGE ENGG,3  0  3,1,MANOJ KUMAR (657),CE,6103,T Th S,3,,03/05  FN
1236,CE F423,GREEN BUILD & ENER CONSE,3  0  3,1,RAJIV GUPTA (216),CE,1202,M W F,8,,02/05  FN
1224,CE F428,EARTHQUAKE RES DES & CON,3  0  3,1,G MUTHUKUMAR (949),CE,6153,M W F,9,,04/05  FN
1225,CE F429,DES OF FOUNDATION SYSTEM,3  0  3,1,RAVI KANT MITTAL (97),CE,1219,M W F,8,,02/05  FN
1219,CE F432,STRUCTURAL DYNAMICS,3  0  3,1,DIPENDU BHUNIA (116),CE,6107,M W F,9,,04/05  FN
1234,CE F435,INTRODUCTION TO FEM,3  0  3,1,RAJESH KUMAR (46),CE,6108,M W F,7,,11/05  FN
1711,CE F491,SPECIAL PROJECT,0  0  3,1,ANSHUMAN (32),CE,,,,,
804,CE G516,MULTI CRITER ANAL IN ENGG,3  1  4,1,AJIT PRATAP SINGH (115),CE,6107,M W F,4,,01/05 AN
256,CE G518,PAVEMENT ANALYSIS & DES,3  1  4,1,PRIYANSH SINGH (232),CE,6160,T Th S,4,,08/05 AN
347,CE G520,INFRA STRUC PLAN & MANAG,3  1  4,1,R GUPTA (790),CE,1231,T Th S,5,,13/05 AN
309,CE G524,URBAN MASS TRAN PLAN OP,3  1  4,1,AK SARKAR (307),CE,5103,T Th S,3,,03/05 AN
417,CE G533,AD COMP MATERIAL FOR STR,3  1  4,1,SHAMSHER B SINGH (940),CE,1231,M W F,3,,10/05 AN
103,CE G543,TRAFFIC FLOW THEORY,3  1  4,1,DURGESH VIKRAM (282),CE,1231,M W F,8,,02/05  FN
532,CE G553,THEORY OF PLATES & SHELL,3  1  4,1,SHUVENDU N PATEL (253),CE,1219,T Th S,5,,13/05 AN
2199,CE G562,ADVANCED CONCRETE,3  0  4,1,MUKUND LAHOTI (217),CE,1223,M W F,9,,04/05 AN
345,CE G612,ADVANCED STEEL STRUCTURE,3  1  4,1,SHAMSHER B SINGH (940),CE,6158,M W F,8,,11/05 AN
108,CE G615,EARTHQUAKE ENGINEERING,3  1  4,1,RAVI KANT MITTAL (97),CE,6158,T Th S,4,,08/05 AN
621,CE G618,DESIGN OF MULTI- STOR STR,3  1  4,1,ANSHUMAN (32),CE,6103,M W F,5,,06/05 AN
730,CE G641,THEORY OF ELAST & PLAST,2  3  5,1,RAJESH KUMAR (46),CE,1227,M W F,2,,07/05 AN
1180,CHE F241,HEAT TRANSFER,3  0  3,1,BANASRI ROY (170),CHE,6101,T Th S,3,,03/05  FN
,,Tutorial,,1,Banasri Roy (170),CHE,6102,M,1,,
,,,,2,Priya C Sande (732),CHE,6106,M,1,,
,,,,,Seriyala Anil Kumar (RS) (1056),CHE,,,,,
1181,CHE F242,NUM METHOD FOR CHEM ENGG,3  0  3,1,PRATIK N SHETH (668),CHE,6102,M W F,4,,01/05  FN
,,Tutorial,,1,Pratik N Sheth (668),CHE,6102,S,2,,
,,,,,Abhishek Anand (RS) (581),CHE,,,,,
,,,,2,Ajay Kumar Pani (63),CHE,6101,S,2,,
1182,CHE F243,MATERIAL SCIENCE & ENGG,3  0  3,1,KRISHNA CHAITANYA ETIKA (75),CHE,6102,M W F,3,,10/05  FN
,,Tutorial,,1,Krishna Chaitanya Etika (75),CHE,6102,T,1,,
,,,,2,P Chattopadhyay (638),CHE,6107,T,1,,
,,,,,Bheema Rajesh Kumar (RS) (641),CHE,,,,,
1183,CHE F244,SEPARATION PROCESSES I,3  0  3,1,SURESH GUPTA (656),CHE,6102,T Th S,4,,08/05  FN
,,Tutorial,,1,Srinivas Appari (5),CHE,6102,W,1,,
,,,,,Shailee Gaur (RS) (373),CHE,,,,,
,,,,2,Priya C Sande (732),CHE,6106,Th,1,,
1653,CHE F266,STUDY PROJECT,0  0  3,1,HK MOHANTA (238),CHE,,,,,
1188,CHE F341,CHEMICAL ENGG LAB II,0  3  3,1,AMIT JAIN (265),CHE,1120,T S,1 2,,
,,,,2,Banasri Roy (170),CHE,1120,T Th,7 8,,
,,,,,Krishna Chaitanya Etika (75),CHE,,,,,
,,,,3,Bhanu Vardhan Reddy (567),CHE,1120,M F,7 8,,
,,,,,Rama Krishna Chava (RS) (58),CHE,,,,,
1189,CHE F342,PROCESS DYN & CONTROL,3  0  3,1,HK MOHANTA (238),CHE,6102,M W F,5,,06/05  FN
,,Tutorial,,1,HK Mohanta (238),CHE,6102,F,1,,
,,,,,Ajita Neogi (RS) (642),CHE,,,,,
,,,,2,Amit Jain (265),CHE,6103,F,1,,
1190,CHE F343,PROCESS DES PRINCIPLE II,3  0  3,1,P CHATTOPADHYAY (638),CHE,6151,M W F,4,,01/05  FN
,,Tutorial,,1,P Chattopadhyay (638),CHE,6152,Th,1,,
,,,,2,Pratik N Sheth (668),CHE,6151,Th,1,,
,,,,,R Arun Karthik (RS) (418),CHE,,,,,
1668,CHE F366,LABORATORY PROJECT,0  0  3,1,HK MOHANTA (238),CHE,,,,,
1738,CHE F367,LABORATORY PROJECT,0  0  3,1,HK MOHANTA (238),CHE,,,,,
1687,CHE F376,DESIGN PROJECT,0  0  3,1,HK MOHANTA (238),CHE,,,,,
1754,CHE F377,DESIGN PROJECT,0  0  3,1,HK MOHANTA (238),CHE,,,,,
1207,CHE F412,PROCESS EQUIPMENT DESIGN,3  0  3,1,BHANU VARDHAN REDDY (567),CHE,6161,T Th S,3,,03/05  FN
1204,CHE F413,PROCESS PLANT SAFETY,3  0  3,1,AMIT JAIN (265),CHE,6157,M W F,3,,10/05  FN
1213,CHE F418,MODEL & SIMU IN CHE ENGG,3  0  3,1,SRINIVAS APPARI (5),CHE,6154,M W F,9,,04/05  FN
1203,CHE F419,CHEMICAL PROCESS TECH,3  0  3,1,SMITA RAGHUVANSHI (711),CHE,6160,T Th S,3,,03/05  FN
1205,CHE F421,BIOCHEMICAL ENGINEERING,3  0  3,1,SMITA RAGHUVANSHI (711),CHE,6161,M W F,8,,02/05  FN
1208,CHE F471,ADVANCE PROCESS CONTROL,3  0  3,1,AJAY KUMAR PANI (63),CHE,6162,T Th S,5,,13/05  FN
1209,CHE F491,SPECIAL PROJECT,0  0  3,1,HK MOHANTA (238),CHE,,,,,
2146,CHE G552,ADV TRANSPORT PHENOMENA,0  0  5,1,ARVIND KUMAR SHARMA (864),CHE,6153,T Th S,4,,08/05 AN
2148,CHE G554,COMPUT FLUID DYNAMICS,0  0  4,1,PRIYA C SANDE (732),CHE,6157,M W F,9,,04/05 AN
729,CHE G641,REACTION ENGINEERING,3  2  5,1,SRINIVAS APPARI (5),CHE,6108,T Th S,3,,03/05 AN
1007,CHEM F111,GENERAL CHEMISTRY,3  0  3,1,INDRESH KUMAR (2),CHEM,5102,M W F,7,,10/05  FN
,,,,2,Bibhas Ranjan Sarkar (223),CHEM,5106,M W F,3,,
,,,,,S C Sivasubramanian (1),CHEM,,,,,
,,Tutorial,,1,Ajay Kumar Sah (22),CHEM,1202,T,7,,
,,,,2,Bharti Khungar (105),CHEM,1203,T,7,,
,,,,3,Dalip Kumar (466),CHEM,1204,T,7,,
,,,,4,Inamur R Laskar (400),CHEM,1202,S,2,,
,,,,5,Paritosh Shukla (442),CHEM,1203,Th,7,,
,,,,6,Dalip Kumar (466),CHEM,1204,Th,7,,
,,,,7,Ajay Kumar Sah (22),CHEM,1219,Th,7,,
,,,,8,Prashant U Manohar (643),CHEM,1204,S,2,,
,,,,9,S C Sivasubramanian (1),CHEM,1203,S,5,,
,,,,10,Paritosh Shukla (442),CHEM,1203,T,2,,
,,,,11,Prashant U Manohar (643),CHEM,1204,T,2,,
,,,,12,Inamur R Laskar (400),CHEM,1205,T,2,,
1554,CHEM F241,INORGANIC CHEMISTRY II,3  0  3,1,BHARTI KHUNGAR (105),CHEM,6103,M W F,4,,01/05  FN
,,Tutorial,,1,Bharti Khungar (105),CHEM,6107,Th,1,,
1555,CHEM F242,CHEMICAL EXPER I,0  3  3,1,AJAY KUMAR SAH (22),CHEM,3147,M W,7 8 9,,
,,,,,Aishwarya Ramesh (RS) (594),CHEM,,,,,
,,,,,Bharti Khungar (105),CHEM,,,,,
,,,,,Bijoya Das (RS) (402),CHEM,,,,,
,,,,,Bintu Kumar (RS) (586),CHEM,,,,,
,,,,,Chavi Mahala (RS) (394),CHEM,,,,,
,,,,,Hemant Joshi (740),CHEM,,,,,
,,,,,Mahesha C K (RS) (443),CHEM,,,,,
,,,,,Paritosh Shukla (442),CHEM,,,,,
,,,,,Soumana Joarder (RS) (438),CHEM,,,,,
,,,,2,Anil Kumar (77),CHEM,3147,T Th,3 4 5,,
,,,,,Indresh Kumar (2),CHEM,,,,,
,,,,,Kiran Bajaj (209),CHEM,,,,,
,,,,,Megha Singhania (RS) (1026),CHEM,,,,,
,,,,,Prachi Sharma (RS) (589),CHEM,,,,,
,,,,,Raichure Pramod Chandrakant (RS),CHEM,,,,,
,,,,,Rajeev Sakhuja (34),CHEM,,,,,
,,,,,Santosh Kr. Mishra (RS) (1051),CHEM,,,,,
,,,,,Sonam Sharma (RS) (445),CHEM,,,,,
,,,,,Vaishali Saini (RS) (1074),CHEM,,,,,
1556,CHEM F243,ORGANIC CHEMISTRY II,3  0  3,1,ANIL KUMAR (77),CHEM,6158,M W F,3,,10/05  FN
,,Tutorial,,1,Anil Kumar (77),CHEM,6157,T,1,,
1557,CHEM F244,PHYSICAL CHEMISTRY III,3  0  3,1,RAMKINKAR ROY (529),CHEM,2235,T Th S,2,,14/05  FN
,,Tutorial,,1,Ramkinkar Roy (529),CHEM,6105,M,1,,
1654,CHEM F266,STUDY PROJECT,0  0  3,1,SAUMI RAY (3),CHEM,,,,,
2283,CHEM F320,INTRODUCTORY COMPUTATIONAL,0  4  2,1,PRASHANT U MANOHAR (643),CHEM,6116,T Th,8 9,,
1586,CHEM F336,NANOCHEMISTRY,3  1  4,1,SUROJIT PANDE (36),CHEM,2222,M W F,3,,10/05  FN
1561,CHEM F341,CHEMICAL EXPER II,0  4  4,1,INAMUR R LASKAR (400),CHEM,3103,T Th,7 8 9,,
,,,,,Aabid Hamid (RS) (401),CHEM,,,,,
,,,,,Bibhas Ranjan Sarkar (223),CHEM,,,,,
,,,,,Jagrity Choudhary (RS) (430),CHEM,,,,,
,,,,,Mamta Devi Sharma (RS) (597),CHEM,,,,,
,,,,,Ramkinkar Roy (529),CHEM,,,,,
,,,,,Shamik Chakraborty (121),CHEM,,,,,
,,,,,Sumit Kumar Agrawal (RS) (559),CHEM,,,,,
,,,,2,Surojit Pande (36),CHEM,3147,F S,7 8 9,,
,,,,,Amrita Chakraborty (726),CHEM,,,,,
,,,,,Madhushree Sarkar (461),CHEM,,,,,
,,,,,Mrinmoyee Basu (953),CHEM,,,,,
,,,,,Prashant U Manohar (643),CHEM,,,,,
,,,,,Rishika   Aggarwal (RS) (396),CHEM,,,,,
,,,,,Sayantan Haldar (RS) (391),CHEM,,,,,
,,,,,TBA (Chem) (965),CHEM,,,,,
1562,CHEM F342,ORGANIC CHEMISTRY IV,3  0  3,1,RAJEEV SAKHUJA (34),CHEM,6108,M W F,5,,06/05  FN
,,Tutorial,,1,Rajeev Sakhuja (34),CHEM,1202,S,1,,
1563,CHEM F343,INORGANIC CHEMISTRY III,3  0  3,1,SAUMI RAY (3),CHEM,6103,T Th S,5,,13/05  FN
,,Tutorial,,1,Saumi Ray (3),CHEM,6101,F,1,,
1669,CHEM F366,LABORATORY PROJECT,0  0  3,1,SAUMI RAY (3),CHEM,,,,,
1739,CHEM F367,LABORATORY PROJECT,0  0  3,1,SAUMI RAY (3),CHEM,,,,,
1688,CHEM F376,DESIGN PROJECT,0  0  3,1,SAUMI RAY (3),CHEM,,,,,
1755,CHEM F377,DESIGN PROJECT,0  0  3,1,SAUMI RAY (3),CHEM,,,,,
1581,CHEM F415,FRONTIERS IN ORGANIC SYN,3  0  3,1,DALIP KUMAR (466),CHEM,6103,M W F,8,,02/05  FN
2284,CHEM F430,ATMOSPHERIC CHEMISTRY,3  0  3,1,SHAMIK CHAKRABORTY (121),CHEM,1220,M W F,8,,02/05  FN
2285,CHEM F431,SUSTAINABLE CHEMISTRY USING,3  0  3,1,BIBHAS RANJAN SARKAR (223),CHEM,1225,T Th S,3,,03/05  FN
1713,CHEM F491,SPECIAL PROJECT,0  0  3,1,SAUMI RAY (3),CHEM,,,,,
7,CHEM G552,ADV INORGANIC CHEMISTRY,0  0  5,1,MADHUSHREE SARKAR (461),CHEM,1220,T Th S,4,,08/05  FN
242,CHEM G554,PHY METHODS IN CHEMISTRY,0  0  5,1,S C SIVASUBRAMANIAN (1),CHEM,1220,T Th S,2,,14/05  FN
1008,CS F111,COMPUTER PROGRAMMING,3  1  4,1,SUNDARESAN RAMAN (162),CS/IS,5106,M W F,5,T 10 5105,06/05 AN
,,,,,Pratik Narang (199),CS/IS,,,,,
,,,,2,Manoj Kannan (393),BIOSC,5101,M W F,9,T 10 5106,
,,,,,Sadhana Jha (723),CS/IS,,,,,
,,Practical,,1,Ankit Soni (RS) (686),CS/IS,6114,M,3 4,,
,,,,2,Pratik Narang (199),CS/IS,6016,T,3 4,,
,,,,,Sundaresan Raman (162),CS/IS,,,,,
,,,,3,Sadhana Jha (723),CS/IS,6016,Th,3 4,,
,,,,,Manoj Kannan (393),BIOSC,,,,,
,,,,4,Sadhana Jha (723),CS/IS,6114,T,3 4,,
,,,,,Manoj Kannan (393),BIOSC,,,,,
,,,,5,Anshu Choudhary (RS) (687),CS/IS,6114,T,8 9,,
,,,,6,Anshu Choudhary (RS) (687),CS/IS,6116,W,8 9,,
,,,,7,Pravin Brijgopalji Murkya (RS) (1039,CS/IS,6016,M,3 4,,
,,,,8,Pravin Brijgopalji Murkya (RS) (1039,CS/IS,6116,W,3 4,,
,,,,9,Pratik Narang (199),CS/IS,6114,Th,8 9,,
,,,,,Sundaresan Raman (162),CS/IS,,,,,
,,,,10,Ankit Soni (RS) (686),CS/IS,6116,T,3 4,,
,,,,11,Divya Bhardwaj (RS) (688),CS/IS,6116,Th,3 4,,
,,,,12,Divya Bhardwaj (RS) (688),CS/IS,6114,F,3 4,,
1094,CS F211,DATA STRUCTURES & ALGO,3  1  4,1,SHAN BALASUBRAMANIAM (612),CS/IS,5105,M W F,3,,10/05  FN
,,Practical,,1,Avinash Gautam (544),CS/IS,6019,T,7 8 9,,
,,,,2,Vaibhav Soni (689),CS/IS,6019,Th,7 8 9,,
,,,,3,Sandhya (RS) (74),CS/IS,6016,Th,7 8 9,,
,,,,4,Sundaresan Raman (162),CS/IS,6019,M,7 8 9,,
,,,,5,Sandhya (RS) (74),CS/IS,6016,W,7 8 9,,
,,,,6,Vaibhav Soni (689),CS/IS,6016,M,7 8 9,,
1095,CS F212,DATABASE SYSTEMS,3  1  4,1,LAVIKA GOEL (53),CS/IS,5102,T Th S,4,,08/05  FN
,,,,,Amit Dua (377),CS/IS,,,,,
,,Practical,,1,Amit Dua (377),CS/IS,6018,M,7 8,,
,,,,2,Sadhana Jha (723),CS/IS,6018,T,7 8,,
,,,,3,Amit Dua (377),CS/IS,6018,W,7 8,,
,,,,4,Sadhana Jha (723),CS/IS,6018,Th,7 8,,
1092,CS F213,OBJECT ORIENTED PROG,3  1  4,1,AVINASH GAUTAM (544),CS/IS,5106,M W F,8,,02/05  FN
,,,,,Jennifer Ranjani J. (8),CS/IS,,,,,
,,Practical,,1,Shail Saharan (RS) (1057),CS/IS,6013,M,9 10,,
,,,,2,Jennifer Ranjani J. (8),CS/IS,6117,T,9 10,,
,,,,3,Jennifer Ranjani J. (8),CS/IS,6013,Th,9 10,,
,,,,4,Shail Saharan (RS) (1057),CS/IS,6013,F,9 10,,
1313,CS F241,MICROPROC & INTERFACING,3  1  4,1,NITIN CHATURVEDI (18),EEE/INS,5102,T Th S,3,,03/05  FN
,,,,2,JP Misra (447),CS/IS,6157,T Th S,3,,
,,Practical,,1,Rahul Sharma (RS) (291),EEE/INS,6013,M,7 8,,
,,,,,Anuj Kumar Ojha (RS) (1005),EEE/INS,,,,,
,,,,2,Parmila Mahala (RS) (1033),EEE/INS,6117,M,7 8,,
,,,,,Anukaran Khanna (RS) (564),EEE/INS,,,,,
,,,,3,Krishna Veer Singh (RS) (434),EEE/INS,6117,T,7 8,,
,,,,,Krishna Veer Singh (RS) (434),EEE/INS,,,,,
,,,,4,Anukaran Khanna (RS) (564),EEE/INS,6013,T,7 8,,
,,,,,Poonam Poonia (RS) (633),EEE/INS,,,,,
,,,,5,Tejasvi Alladi (RS) (150),EEE/INS,6013,W,7 8,,
,,,,,Tulsi Ram Sharma (187),EEE/INS,,,,,
,,,,6,Parmila Mahala (RS) (1033),EEE/INS,6117,W,7 8,,
,,,,,Tejasvi Alladi (RS) (150),EEE/INS,,,,,
,,,,7,Poonam Poonia (RS) (633),EEE/INS,6117,Th,7 8,,
,,,,,Tulsi Ram Sharma (187),EEE/INS,,,,,
,,,,8,Anuj Kumar Ojha (RS) (1005),EEE/INS,6013,Th,7 8,,
,,,,,Tulsi Ram Sharma (187),EEE/INS,,,,,
,,,,9,Punit Khari (RS) (539),EEE/INS,6013,F,7 8,,
,,,,,Tulsi Ram Sharma (187),EEE/INS,,,,,
,,,,10,Punit Khari (RS) (539),EEE/INS,6117,F,7 8,,
,,,,,Tulsi Ram Sharma (187),EEE/INS,,,,,
,,Tutorial,,1,G S Sesha Chalapathi (554),EEE/INS,2207,M,1,,
,,,,2,Nitin Chaturvedi (18),EEE/INS,2212,M,1,,
,,,,3,Puneet Mishra (309),EEE/INS,2204,M,1,,
,,,,4,Vinay Chamola (558),EEE/INS,2206,M,1,,
,,,,5,Vinay Chamola (558),EEE/INS,2222,T,1,,
,,,,6,Meetha V Shenoy (2545),EEE/INS,2214,T,1,,
,,,,7,Parmila Mahala (RS) (1033),EEE/INS,2235,T,1,,
,,,,8,Devesh Samaiya (83),EEE/INS,2221,T,1,,
1655,CS F266,STUDY PROJECT,0  0  3,1,POONAM GOYAL (94),CS/IS,,,,,
1320,CS F303,COMPUTER NETWORKS,3  1  4,1,VIRENDRA S SHEKHAWAT (803),CS/IS,6164,T Th S,5,,13/05  FN
,,,,,Vishal Gupta (357),CS/IS,,,,,
,,Practical,,1,Pratik Narang (199),CS/IS,6018,M,1 2,,
,,,,,Virendra S Shekhawat (803),CS/IS,,,,,
,,,,2,Pratik Narang (199),CS/IS,6019,M,1 2,,
,,,,3,Vishal Gupta (357),CS/IS,6018,T,9 10,,
,,,,4,Vishal Gupta (357),CS/IS,6018,Th,9 10,,
2266,CS F320,FOUNDATIONS OF DATA SCIENCE,3  0  3,1,NAVNEET GOYAL (93),CS/IS,6156,M W F,7,,11/05  FN
,,,,,Vishal Gupta (357),CS/IS,,,,,
1317,CS F342,COMPUTER ARCHITECTURE,3  1  4,1,S GURUNARAYANAN (928),EEE/INS,1203,M W F,3,,10/05  FN
,,Practical,,1,Abheek Gupta (RS) (541),EEE/INS,6016,T,7 8,,
1318,CS F363,COMPILER CONSTRUCTION,2  1  3,1,VANDANA AGARWAL (409),CS/IS,6164,M W F,5,,06/05  FN
,,,,,Shashank Gupta (11),CS/IS,,,,,
1319,CS F364,DESIGN & ANAL OF ALGO,3  0  3,1,ABHISHEK MISHRA (60),CS/IS,6164,M W F,4,,01/05  FN
,,Tutorial,,1,Vaibhav Soni (689),CS/IS,6162,Th,1,,
,,,,2,Vaibhav Soni (689),CS/IS,6162,F,1,,
1670,CS F366,LABORATORY PROJECT,0  0  3,1,POONAM GOYAL (94),CS/IS,,,,,
1740,CS F367,LABORATORY PROJECT,0  0  3,1,POONAM GOYAL (94),CS/IS,,,,,
1315,CS F372,OPERATING SYSTEMS,3  0  3,1,JP MISRA (447),CS/IS,6156,M W F,9,,04/05  FN
,,Tutorial,,1,G S Sesha Chalapathi (554),EEE/INS,6164,F,2,,
1689,CS F376,DESIGN PROJECT,0  0  3,1,POONAM GOYAL (94),CS/IS,,,,,
1756,CS F377,DESIGN PROJECT,0  0  3,1,POONAM GOYAL (94),CS/IS,,,,,
1327,CS F401,MULTIMEDIA COMPUTING,3  0  3,1,MUKESH KR ROHIL (106),CS/IS,6160,M W F,8,,02/05  FN
1322,CS F415,DATA MINING,3  0  3,1,YASHVARDHAN SHARMA (368),CS/IS,6108,M W F,9,,04/05  FN
,,Practical,,1,Arshveer Kaur (RS) (1007),CS/IS,6017,W,10,,
,,,,2,Arshveer Kaur (RS) (1007),CS/IS,6017,F,10,,
1323,CS F422,PARALLEL COMPUTING,3  0  3,1,SHAN BALASUBRAMANIAM (612),CS/IS,6102,M W F,9,,04/05  FN
1326,CS F446,DATA STORAGE TECH & NETW,3  0  3,1,JP MISRA (447),CS/IS,1204,M W F,3,,10/05  FN
1857,CS F469,INFORMATION RETRIEVAL,3  0  3,1,POONAM GOYAL (94),CS/IS,6107,M W F,8,,02/05  FN
1714,CS F491,SPECIAL PROJECT,0  0  3,1,POONAM GOYAL (94),CS/IS,,,,,
507,CS G513,NETWORK SECURITY,3  1  4,1,ASHUTOSH BHATIA (279),CS/IS,1220,M W F,5,,06/05 AN
2106,CS G520,ADVANCED DATA MINING,3  1  4,1,POONAM GOYAL (94),CS/IS,6104,M W F,4,,01/05 AN
2052,CS G523,SOFT FOR EMBED SYS,3  2  5,1,MEETHA V SHENOY (2545),EEE/INS,1220,M W F,4,,01/05 AN
2006,CS G524,ADV COMPUTER ARCHITECTUR,3  0  5,1,MAYURI DIGALWAR (35),CS/IS,1231,T Th S,2,,14/05 AN
436,DE G514,FRACTURE MECHANICS,0  0  5,1,SHARAD SRIVASTAVA (218),ME,2215,T Th S,5,,13/05 AN
144,DE G522,DESIGN PROJECTS,0  0  5,1,M S DASGUPTA (352),ME,,,,,
1023,ECON F211,PRINCIPLES OF ECONOMICS,3  0  3,1,GEETILAXMI MOHAPATRA (220),ECOFIN,5105,M W F,2,,04/05 AN
,,,,,A K Giri (651),ECOFIN,,,,,
,,,,,Monika Gupta (271),ECOFIN,,,,,
,,,,,Rajan Pandey (367),ECOFIN,,,,,
,,,,2,A K Giri (651),ECOFIN,5101,M W F,5,,
,,,,,Geetilaxmi Mohapatra (220),ECOFIN,,,,,
,,,,,Monika Gupta (271),ECOFIN,,,,,
,,,,,Rajan Pandey (367),ECOFIN,,,,,
,,Tutorial,,1,A K Giri (651),ECOFIN,6101,S,1,,
,,,,2,Arun Kumar (17),MGTS,6106,S,1,,
,,,,3,Rajan Pandey (367),ECOFIN,6102,S,1,,
,,,,4,Monika Gupta (271),ECOFIN,6156,S,1,,
,,,,5,Krishna Muniyoor (330),ECOFIN,6162,S,1,,
,,,,6,Arun Kumar Vaish (76),ECOFIN,6151,S,1,,
,,,,7,Anuradha Singh (RS) (1006),ECOFIN,6158,S,1,,
,,,,8,Jyoti Tanwar (RS) (525),ECOFIN,6152,S,1,,
,,,,9,Manu Sharma (RS) (1024),ECOFIN,6103,S,1,,
,,,,10,Neha Gupta (RS) (463),ECOFIN,6104,S,1,,
,,,,11,Siddhi Sharma (RS) (1063),ECOFIN,6157,S,1,,
,,,,12,Siddhi Sharma (RS) (1063),ECOFIN,6108,S,1,,
,,,,13,Zeeshan (RS) (1080),ECOFIN,6109,S,1,,
,,,,14,Vaibhav Shastri (RS) (161),ECOFIN,6160,S,1,,
,,,,15,Pratibha Saini (RS) (1038),ECOFIN,6161,S,1,,
1120,ECON F212,FUNDA OF FIN AND ACCOUNT,3  0  3,1,ARUN KUMAR VAISH (76),ECOFIN,6164,M W F,9,,04/05  FN
1442,ECON F241,ECONOMETRIC METHODS,3  0  3,1,NV MURALIDHAR RAO (836),ECOFIN,6155,T Th S,2,,14/05  FN
,,Tutorial,,1,NV Muralidhar Rao (836),ECOFIN,6159,W,1,,
1443,ECON F242,MICROECONOMICS,3  0  3,1,GEETILAXMI MOHAPATRA (220),ECOFIN,6159,T Th S,4,,08/05  FN
,,Tutorial,,1,Geetilaxmi Mohapatra (220),ECOFIN,6159,Th,1,,
1444,ECON F243,MACROECONOMICS,3  0  3,1,A K GIRI (651),ECOFIN,6159,T Th S,5,,01/05  FN
,,Tutorial,,1,A K Giri (651),ECOFIN,6159,T,1,,
1445,ECON F244,ECONOMIC OF GROWTH & DEV,3  0  3,1,KRISHNA MUNIYOOR (330),ECOFIN,6158,T Th S,3,,03/05  FN
,,Tutorial,,1,Krishna Muniyoor (330),ECOFIN,6158,T,8,,
1656,ECON F266,STUDY PROJECT,0  0  3,1,A K GIRI (651),ECOFIN,,,,,
1923,ECON F315,FINANCIAL MANAGEMENT,3  0  3,1,RAJAN PANDEY (367),ECOFIN,6163,T Th S,3,,03/05  FN
1449,ECON F341,PUBLIC FIN THEO & POLICY,3  0  3,1,MONIKA GUPTA (271),ECOFIN,6160,T Th S,5,,13/05  FN
,,Tutorial,,1,Monika Gupta (271),ECOFIN,6160,T,2,,
1450,ECON F342,APPLIED ECONOMETRICS,3  0  3,1,NV MURALIDHAR RAO (836),ECOFIN,6160,M W F,5,,06/05  FN
,,Tutorial,,1,NV Muralidhar Rao (836),ECOFIN,6159,F,1,,
1451,ECON F343,ECONOMIC ANAL OF PUB POL,3  0  3,1,KRISHNA MUNIYOOR (330),ECOFIN,6160,M W F,2,,07/05  FN
,,Tutorial,,1,Krishna Muniyoor (330),ECOFIN,6160,F,10,,
1565,ECON F354,DERIVATIVES &   RISK MGMT,3  0  3,1,ARUN KUMAR VAISH (76),ECOFIN,6164,M W F,3,,10/05  FN
1684,ECON F366,LABORATORY PROJECT,0  0  3,1,A K GIRI (651),ECOFIN,,,,,
1741,ECON F367,LABORATORY PROJECT,0  0  3,1,A K GIRI (651),ECOFIN,,,,,
1690,ECON F376,DESIGN PROJECT,0  0  3,1,A K GIRI (651),ECOFIN,,,,,
1757,ECON F377,DESIGN PROJECT,0  0  3,1,A K GIRI (651),ECOFIN,,,,,
1566,ECON F412,SECUR ANAL & PORTFOL MGT,3  0  3,1,ARYA KUMAR (715),ECOFIN,6164,M W F,7,,11/05 AN
1551,ECON F413,FINANCIAL ENGINEERING,3  0  3,1,UDAYAN CHANDA (147),MGTS,6162,M W F,8,,02/05  FN
1552,ECON F414,CREAT & LEAD ENTREP ORGN,3  0  3,1,JYOTI (562),MGTS,6156,M W F,8,,01/05 AN
1875,ECON F435,MARKETING RESEARCH,3  0  3,1,ANIL K BHATT (799),MGTS,6105,M W F,9,,09/05 AN
1726,ECON F491,SPECIAL PROJECT,0  0  3,1,A K GIRI (651),ECOFIN,,,,,
1009,EEE F111,ELECTRICAL SCIENCES,3  0  3,1,K K Gupta (338),EEE/INS,1227,M W F,4,,10/05 AN
,,,,2,Praveen Kumar A V (178),EEE/INS,5105,T Th S,5,,
,,,,3,NAVNEET GUPTA (381),EEE/INS,5101,T Th S,3,,
,,Tutorial,,1,Kusum Lata (655),PHY,2212,W,3,,
,,,,2,Manjuladevi V (366),PHY,2221,W,3,,
,,,,3,Rupam Goswami (649),EEE/INS,2235,W,3,,
,,,,4,Praveen Kumar A V (178),EEE/INS,2207,W,3,,
,,,,5,Pawan K Ajmera (322),EEE/INS,2222,W,7,,
,,,,6,Surekha Bhanot (526),EEE/INS,2235,W,7,,
,,,,7,K K Gupta (338),EEE/INS,2206,W,7,,
,,,,8,Anantha Krishna Chintanpalli (7),EEE/INS,2216,W,7,,
,,,,9,Arnab Hazra (122),EEE/INS,2235,S,1,,
,,,,10,Manjuladevi V (366),PHY,2207,S,1,,
,,,,11,Surekha Bhanot (526),EEE/INS,2222,S,1,,
,,,,12,Pankaj Arora (724),EEE/INS,2215,S,1,,
1238,EEE F241,MICROPROC & INTERFACING,3  1  4,1,NITIN CHATURVEDI (18),EEE/INS,5102,T Th S,3,,03/05  FN
,,,,2,JP Misra (447),CS/IS,6157,T Th S,3,,
,,Practical,,1,Rahul Sharma (RS) (291),EEE/INS,6013,M,7 8,,
,,,,,Anuj Kumar Ojha (RS) (1005),EEE/INS,,,,,
,,,,2,Parmila Mahala (RS) (1033),EEE/INS,6117,M,7 8,,
,,,,,Anukaran Khanna (RS) (564),EEE/INS,,,,,
,,,,3,Krishna Veer Singh (RS) (434),EEE/INS,6117,T,7 8,,
,,,,,Krishna Veer Singh (RS) (434),EEE/INS,,,,,
,,,,4,Anukaran Khanna (RS) (564),EEE/INS,6013,T,7 8,,
,,,,,Poonam Poonia (RS) (633),EEE/INS,,,,,
,,,,5,Tejasvi Alladi (RS) (150),EEE/INS,6013,W,7 8,,
,,,,,Tulsi Ram Sharma (187),EEE/INS,,,,,
,,,,6,Parmila Mahala (RS) (1033),EEE/INS,6117,W,7 8,,
,,,,,Tejasvi Alladi (RS) (150),EEE/INS,,,,,
,,,,7,Poonam Poonia (RS) (633),EEE/INS,6117,Th,7 8,,
,,,,,Tulsi Ram Sharma (187),EEE/INS,,,,,
,,,,8,Anuj Kumar Ojha (RS) (1005),EEE/INS,6013,Th,7 8,,
,,,,,Tulsi Ram Sharma (187),EEE/INS,,,,,
,,,,9,Punit Khari (RS) (539),EEE/INS,6013,F,7 8,,
,,,,,Tulsi Ram Sharma (187),EEE/INS,,,,,
,,,,10,Punit Khari (RS) (539),EEE/INS,6117,F,7 8,,
,,,,,Tulsi Ram Sharma (187),EEE/INS,,,,,
,,Tutorial,,1,G S Sesha Chalapathi (554),EEE/INS,2207,M,1,,
,,,,2,Nitin Chaturvedi (18),EEE/INS,2212,M,1,,
,,,,3,Puneet Mishra (309),EEE/INS,2204,M,1,,
,,,,4,Vinay Chamola (558),EEE/INS,2206,M,1,,
,,,,5,Vinay Chamola (558),EEE/INS,2222,T,1,,
,,,,6,Meetha V Shenoy (2545),EEE/INS,2214,T,1,,
,,,,7,Parmila Mahala (RS) (1033),EEE/INS,2235,T,1,,
,,,,8,Devesh Samaiya (83),EEE/INS,2221,T,1,,
1239,EEE F242,CONTROL SYSTEMS,3  0  3,1,HARI OM BANSAL (508),EEE/INS,5101,T Th S,4,,08/05  FN
,,,,2,Bijoy K Mukharjee (184),EEE/INS,6109,T Th S,4,,
,,Tutorial,,1,Bijoy K Mukharjee (184),EEE/INS,2206,S,2,,
,,,,2,Hari Om Bansal (508),EEE/INS,2214,S,2,,
,,,,3,K K Gupta (338),EEE/INS,2204,S,2,,
,,,,4,Mahesh Angira (308),EEE/INS,2221,S,2,,
,,,,5,Rajneesh Kumar (419),EEE/INS,2222,S,2,,
1240,EEE F243,SIGNALS & SYSTEMS,3  0  3,1,PAWAN K AJMERA (322),EEE/INS,5101,M W F,3,,10/05  FN
,,,,2,Anantha Krishna Chintanpalli (7),EEE/INS,6109,M W F,3,,
,,Tutorial,,1,Anantha Krishna Chintanpalli (7),EEE/INS,2222,Th,1,,
,,,,2,Praveen Kumar A V (178),EEE/INS,2235,Th,1,,
,,,,3,S M Zafaruddin (242),EEE/INS,2214,Th,1,,
,,,,4,Pawan K Ajmera (322),EEE/INS,2215,Th,1,,
,,,,5,Harshavardhan S (427),EEE/INS,2212,Th,1,,
1241,EEE F244,MICROELECTRONIC CIRCUITS,3  0  3,1,ANU GUPTA (44),EEE/INS,5101,M W F,4,,01/05  FN
,,,,2,Abhijit R Asati (583),EEE/INS,5102,M W F,4,,
,,Tutorial,,1,Pankaj Arora (724),EEE/INS,2206,W,1,,
,,,,2,Rupam Goswami (649),EEE/INS,2207,W,1,,
,,,,3,Mahesh Angira (308),EEE/INS,2204,W,1,,
,,,,4,Nitin Chaturvedi (18),EEE/INS,2216,W,1,,
,,,,5,Kavindra Kandpal (183),EEE/INS,2212,W,1,,
1900,EEE F246,ELECTRIC & ELECTRONIC CIR LAB,0  2  2,1,SUJAN YENUGANTI (123),EEE/INS,2118,M,1 2 3,,
,,,,,Tulsi Ram Sharma (187),EEE/INS,,,,,
1657,EEE F266,STUDY PROJECT,0  0  3,1,VINOD KUMAR CHAUBEY (645),EEE/INS,,,,,
1244,EEE F312,POWER SYSTEMS,3  0  3,1,HITESH DUTT MATHUR (536),EEE/INS,6109,M W F,5,,06/05  FN
,,Tutorial,,1,Hitesh Dutt Mathur (536),EEE/INS,2221,S,1,,
,,,,2,Akhilesh   Kumar Mishra (RS) (1002),EEE/INS,2206,S,1,,
,,,,3,Ashish Patel (141),EEE/INS,2216,S,1,,
1243,EEE F313,ANALOG & DIGIT VLSI DES,3  0  3,1,KAVINDRA KANDPAL (183),EEE/INS,2215,M W F,10,,
1245,EEE F341,ANALOG ELECTRONICS,3  1  4,1,VINOD KUMAR CHAUBEY (645),EEE/INS,5106,T Th S,5,,13/05  FN
,,,,2,Arnab Hazra (122),EEE/INS,6163,T Th S,5,,
,,Practical,,1,Ritish Kumar (RS) (1045),EEE/INS,2241,T,1 2 3,,
,,,,,Ankita Dixit (RS) (1004),EEE/INS,,,,,
,,,,2,Ritish Kumar (RS) (1045),EEE/INS,2241,T,7 8 9,,
,,,,,Ashish Kumar Verma (RS) (639),EEE/INS,,,,,
,,,,3,Kanika (RS) (625),EEE/INS,2241,Th,1 2 3,,
,,,,,Ashish Kumar Verma (RS) (639),EEE/INS,,,,,
,,,,4,Kanika (RS) (625),EEE/INS,2241,Th,7 8 9,,
,,,,,Teena   Gakhar (RS) (1072),EEE/INS,,,,,
,,,,5,Ankita Dixit (RS) (1004),EEE/INS,2241,S,7 8 9,,
,,,,,Teena   Gakhar (RS) (1072),EEE/INS,,,,,
,,Tutorial,,1,Arnab Hazra (122),EEE/INS,2212,F,1,,
,,,,2,Navneet Gupta (381),EEE/INS,2235,F,1,,
,,,,3,Pankaj Arora (724),EEE/INS,2214,F,1,,
,,,,4,Rupam Goswami (649),EEE/INS,2207,F,1,,
,,,,5,Kari Babu Ravi Teja (29),EEE/INS,2222,F,1,,
1246,EEE F342,POWER ELECTRONICS,3  1  4,1,RAJNEESH KUMAR (419),EEE/INS,5106,M W F,4,,01/05  FN
,,,,2,Dheerendra Singh (358),EEE/INS,6163,M W F,4,,
,,Practical,,1,Ravinder Kumar (RS) (405),EEE/INS,2119,T,1 2 3,,
,,,,,Dave Heema (RS) (1010),EEE/INS,,,,,
,,,,2,Ravinder Kumar (RS) (405),EEE/INS,2119,T,7 8 9,,
,,,,,Dhananjay (RS) (98),EEE/INS,,,,,
,,,,3,Akhilesh   Kumar Mishra (RS) (1002),EEE/INS,2119,Th,7 8 9,,
,,,,,Dave Heema (RS) (1010),EEE/INS,,,,,
,,,,4,Akhilesh   Kumar Mishra (RS) (1002),EEE/INS,2119,S,7 8 9,,
,,,,,Prashant Upadhyay (RS) (84),EEE/INS,,,,,
,,,,5,Prashant Upadhyay (RS) (84),EEE/INS,2119,Th,1 2 3,,
,,,,,Dhananjay (RS) (98),EEE/INS,,,,,
,,Tutorial,,1,Rajneesh Kumar (419),EEE/INS,2235,W,1,,
,,,,2,Dheerendra Singh (358),EEE/INS,2221,W,1,,
,,,,3,Ashish Patel (141),EEE/INS,2215,W,1,,
,,,,4,Hari Om Bansal (508),EEE/INS,2203,W,1,,
,,,,5,Hitesh Dutt Mathur (536),EEE/INS,1205,W,1,,
1255,EEE F346,DATA COMMUNIC & NETWORKS,2  0  2,1,HARSHAVARDHAN S (427),EEE/INS,2212,M W F,8,,02/05  FN
1731,EEE F366,LABORATORY PROJECT,0  0  3,1,VINOD KUMAR CHAUBEY (645),EEE/INS,,,,,
1742,EEE F367,LABORATORY PROJECT,0  0  3,1,VINOD KUMAR CHAUBEY (645),EEE/INS,,,,,
1691,EEE F376,DESIGN PROJECT,0  0  3,1,VINOD KUMAR CHAUBEY (645),EEE/INS,,,,,
1758,EEE F377,DESIGN PROJECT,0  0  3,1,VINOD KUMAR CHAUBEY (645),EEE/INS,,,,,
1252,EEE F414,TELECOM SWIT SYS & NETWK,3  0  3,1,RAHUL SINGHAL (140),EEE/INS,2214,M W F,9,,04/05  FN
1250,EEE F431,MOBILE TELECOM NETWORKS,3  0  3,1,SAINATH BITRAGUNTA (173),EEE/INS,2212,T Th S,3,,03/05  FN
1247,EEE F432,MEDICAL INSTRUMENTATION,3  0  3,1,SUJAN YENUGANTI (123),EEE/INS,6151,M W F,7,,11/05  FN
1256,EEE F434,DIGITAL SIGNAL PROCESS,3  1  4,1,S M ZAFARUDDIN (242),EEE/INS,2203,M W F,7,,11/05  FN
,,Practical,,1,Rahul Sharma (RS) (291),EEE/INS,6017,Th,7 8,,
1895,EEE F477,MODELING OF FIELD-EFFECT NANO,3  0  3,1,KAVINDRA KANDPAL (183),EEE/INS,2203,M W F,8,,02/05  FN
1716,EEE F491,SPECIAL PROJECT,0  0  3,1,VINOD KUMAR CHAUBEY (645),EEE/INS,,,,,
462,EEE G510,RF MICROELECTRONICS,0  0  5,1,MAHESH ANGIRA (308),EEE/INS,2207,M W F,8,,02/05 AN
,,,,,Chandra Shekhar (190),EEE/INS,,,,,
2175,EEE G547,DEVICE DRIVERS,3  2  5,1,DEVESH SAMAIYA (83),EEE/INS,5103,M W F,2,,07/05 AN
96,EEE G592,MOBILE PERSONAL COMMUNIC,3  2  5,1,VINOD KUMAR CHAUBEY (645),EEE/INS,2214,M W F,4,,01/05 AN
,,,,,S M Zafaruddin (242),EEE/INS,,,,,
,,Practical,,1,Rahul Sharma (RS) (291),EEE/INS,2145,T,1 2,,
80,EEE G622,ADVANCED DIGITAL COMMUNI,3  2  5,1,SAINATH BITRAGUNTA (173),EEE/INS,2214,M W F,3,,11/05 AN
475,EEE G627,NETWORK EMBEDDED APPLI,0  0  4,1,VINAY CHAMOLA (558),EEE/INS,2203,M W F,9,,04/05 AN
1658,FIN F266,STUDY PROJECT,0  0  3,1,A K GIRI (651),ECOFIN,,,,,
1539,FIN F311,DERIVATIVES &   RISK MGMT,3  0  3,1,ARUN KUMAR VAISH (76),ECOFIN,6164,M W F,3,,10/05  FN
1545,FIN F313,SECUR ANAL & PORTFOL MGT,3  0  3,1,ARYA KUMAR (715),ECOFIN,6164,M W F,7,,11/05 AN
1542,FIN F315,FINANCIAL MANAGEMENT,3  0  3,1,RAJAN PANDEY (367),ECOFIN,6163,T Th S,3,,03/05  FN
1732,FIN F366,LABORATORY PROJECT,0  0  3,1,A K GIRI (651),ECOFIN,,,,,
1743,FIN F367,LABORATORY PROJECT,0  0  3,1,A K GIRI (651),ECOFIN,,,,,
1692,FIN F376,DESIGN PROJECT,0  0  3,1,A K GIRI (651),ECOFIN,,,,,
1759,FIN F377,DESIGN PROJECT,0  0  3,1,A K GIRI (651),ECOFIN,,,,,
1717,FIN F491,SPECIAL PROJECT,0  0  3,1,A K GIRI (651),ECOFIN,,,,,
1135,GS F223,INTRO TO MASS COMM,3  0  3,1,PUSHP LATA (823),HSS,6164,T Th S,3,,03/05  FN
1136,GS F224,PRINT & AUDIO-VISU ADVER,2  1  3,1,SANGEETA SHARMA (615),HSS,6152,M W F,9,,04/05  FN
1169,GS F231,DYN OF SOCIAL CHANGE,3  0  3,1,SUNITA RAINA (331),HSS,6151,M W F,3,,10/05  FN
1170,GS F232,INTRODUCTORY PSYCHOLOGY,3  0  3,1,TANU SHUKLA (40),HSS,6156,T Th S,3,,03/05  FN
1171,GS F233,PUBLIC POLICY,3  0  3,1,SAILAJA NANDIGAMA (370),HSS,6104,T Th S,2,,14/05  FN
1172,GS F234,DEVELOPMENT ECONOMICS,3  0  3,1,TBA (ECOFIN) (968),ECOFIN,6152,T Th S,4,,08/05  FN
1158,GS F241,CREATIVE WRITING,2  1  3,1,DEVIKA (472),HSS,6158,T Th S,5,,13/05  FN
1160,GS F243,CURRENT AFFAIRS,3  0  3,1,SANJIV KR CHOUDHARY (806),HSS,6154,M W F,8,,02/05  FN
1161,GS F244,REPORT & WRITE FOR MEDIA,2  1  3,1,GAJENDRA S CHAUHAN (16),HSS,6159,M W F,3,,10/05  FN
1165,GS F245,EFFECTIVE PUBLIC SPEAK,2  1  3,1,PUSHP LATA (823),HSS,6155,M W F,7,,11/05  FN
1659,GS F266,STUDY PROJECT,0  0  3,1,SANJIV KR CHOUDHARY (806),HSS,,,,,
1174,GS F312,APPLIED PHILOSOPHY,3  0  3,1,KUMAR NEERAJ SACHDEV (290),HSS,6152,T Th S,2,,14/05  FN
1137,GS F322,CRITI ANAL OF LIT & CINE,3  0  3,1,KUMAR S BHATTACHARYA (33),HSS,6159,M W F,9,,04/05  FN
1175,GS F331,TECH IN SOCIAL RESEARCH,3  0  3,1,TANU SHUKLA (40),HSS,6153,M W F,8,,02/05  FN
1176,GS F332,CONTEMPORARY INDIA,3  0  3,1,HARIKRISHNAN G NAIR (693),HSS,6105,T Th S,5,,13/05  FN
1177,GS F333,PUBLIC ADMINISTRATION,3  0  3,1,SAILAJA NANDIGAMA (370),HSS,6152,M W F,7,,11/05  FN
1178,GS F334,GLOBAL BUSINESS TEC & KS,3  0  3,1,PRAVEEN GOYAL (156),MGTS,6159,M W F,5,,06/05  FN
1164,GS F342,COMPUTER MEDIATED COMM,3  0  3,1,VIRENDRA SINGH NIRBAN (725),HSS,6152,M W F,3,,10/05  FN
1168,GS F343,SHORT FILM & VIDEO PROD,0  0  3,1,SUSHILA SHEKHAWAT (590),HSS,6155,M W F,8,,02/05  FN
1733,GS F366,LABORATORY PROJECT,0  0  3,1,SANJIV KR CHOUDHARY (806),HSS,,,,,
1744,GS F367,LABORATORY PROJECT,0  0  3,1,SANJIV KR CHOUDHARY (806),HSS,,,,,
1693,GS F376,DESIGN PROJECT,0  0  3,1,SANJIV KR CHOUDHARY (806),HSS,,,,,
1760,GS F377,DESIGN PROJECT,0  0  3,1,SANJIV KR CHOUDHARY (806),HSS,,,,,
1718,GS F491,SPECIAL PROJECT,0  0  3,1,SANJIV KR CHOUDHARY (806),HSS,,,,,
1602,HSS F221,READINGS FROM DRAMA,3  0  3,1,KUMAR S BHATTACHARYA (33),HSS,6154,M W F,2,,07/05  FN
1596,HSS F223,APPR OF INDIAN MUSIC,3  0  3,1,ANIL RAI (814),HSS,6151,M W F,5,,06/05  FN
1627,HSS F235,INTRODUCTORY PHILOSOPHY,3  0  3,1,ANUPAM YADAV (320),HSS,6103,M W F,3,,10/05  FN
1628,HSS F236,SYMBOLIC LOGIC,3  0  3,1,ANUPAM YADAV (320),HSS,2204,M W F,8,,02/05  FN
1776,HSS F266,STUDY PROJECT,0  0  3,1,SANJIV KR CHOUDHARY (806),HSS,,,,,
1777,HSS F323,ORGANIZATIONAL PSYCHOLOGY,3  0  3,1,RAJNEESH CHOUBISA (119),HSS,2221,T Th S,3,,03/05  FN
1609,HSS F328,HUMAN RESOURCE DEVELOP,3  0  3,1,RAJNEESH CHOUBISA (119),HSS,6102,M W F,7,,11/05  FN
1597,HSS F329,MUSICOLOGY-AN INTRODUCTN,3  0  3,1,ANIL RAI (814),HSS,1232,T Th S,3,,03/05  FN
1599,HSS F334,SRIMAD BHAGAVAD GITA,3  0  3,1,MANOJ KANNAN (393),BIOSC,5102,M W F,9,,04/05  FN
,,,,,K Hari Babu (727),CS/IS,,,,,
,,,,,Shyama Hari Das (9701),HSS,,,,,
1623,HSS F343,PROFESSIONAL ETHICS,3  0  3,1,KUMAR NEERAJ SACHDEV (290),HSS,6155,M W F,9,,04/05  FN
1625,HSS F345,GANDHIAN THOUGHTS,3  0  3,1,HARIKRISHNAN G NAIR (693),HSS,6101,M W F,9,,04/05  FN
1341,INSTR F241,MICROPROC & INTERFACING,3  1  4,1,NITIN CHATURVEDI (18),EEE/INS,5102,T Th S,3,,03/05  FN
,,,,2,JP Misra (447),CS/IS,6157,T Th S,3,,
,,Practical,,1,Rahul Sharma (RS) (291),EEE/INS,6013,M,7 8,,
,,,,,Anuj Kumar Ojha (RS) (1005),EEE/INS,,,,,
,,,,2,Parmila Mahala (RS) (1033),EEE/INS,6117,M,7 8,,
,,,,,Anukaran Khanna (RS) (564),EEE/INS,,,,,
,,,,3,Krishna Veer Singh (RS) (434),EEE/INS,6117,T,7 8,,
,,,,,Krishna Veer Singh (RS) (434),EEE/INS,,,,,
,,,,4,Anukaran Khanna (RS) (564),EEE/INS,6013,T,7 8,,
,,,,,Poonam Poonia (RS) (633),EEE/INS,,,,,
,,,,5,Tejasvi Alladi (RS) (150),EEE/INS,6013,W,7 8,,
,,,,,Tulsi Ram Sharma (187),EEE/INS,,,,,
,,,,6,Parmila Mahala (RS) (1033),EEE/INS,6117,W,7 8,,
,,,,,Tejasvi Alladi (RS) (150),EEE/INS,,,,,
,,,,7,Poonam Poonia (RS) (633),EEE/INS,6117,Th,7 8,,
,,,,,Tulsi Ram Sharma (187),EEE/INS,,,,,
,,,,8,Anuj Kumar Ojha (RS) (1005),EEE/INS,6013,Th,7 8,,
,,,,,Tulsi Ram Sharma (187),EEE/INS,,,,,
,,,,9,Punit Khari (RS) (539),EEE/INS,6013,F,7 8,,
,,,,,Tulsi Ram Sharma (187),EEE/INS,,,,,
,,,,10,Punit Khari (RS) (539),EEE/INS,6117,F,7 8,,
,,,,,Tulsi Ram Sharma (187),EEE/INS,,,,,
,,Tutorial,,1,G S Sesha Chalapathi (554),EEE/INS,2207,M,1,,
,,,,2,Nitin Chaturvedi (18),EEE/INS,2212,M,1,,
,,,,3,Puneet Mishra (309),EEE/INS,2204,M,1,,
,,,,4,Vinay Chamola (558),EEE/INS,2206,M,1,,
,,,,5,Vinay Chamola (558),EEE/INS,2222,T,1,,
,,,,6,Meetha V Shenoy (2545),EEE/INS,2214,T,1,,
,,,,7,Parmila Mahala (RS) (1033),EEE/INS,2235,T,1,,
,,,,8,Devesh Samaiya (83),EEE/INS,2221,T,1,,
1342,INSTR F242,CONTROL SYSTEMS,3  0  3,1,HARI OM BANSAL (508),EEE/INS,5101,T Th S,4,,08/05  FN
,,,,2,Bijoy K Mukharjee (184),EEE/INS,6109,T Th S,4,,
,,Tutorial,,1,Bijoy K Mukharjee (184),EEE/INS,2206,S,2,,
,,,,2,Hari Om Bansal (508),EEE/INS,2214,S,2,,
,,,,3,K K Gupta (338),EEE/INS,2204,S,2,,
,,,,4,Mahesh Angira (308),EEE/INS,2221,S,2,,
,,,,5,Rajneesh Kumar (419),EEE/INS,2222,S,2,,
1343,INSTR F243,SIGNALS & SYSTEMS,3  0  3,1,PAWAN K AJMERA (322),EEE/INS,5101,M W F,3,,10/05  FN
,,,,2,Anantha Krishna Chintanpalli (7),EEE/INS,6109,M W F,3,,
,,Tutorial,,1,Anantha Krishna Chintanpalli (7),EEE/INS,2222,Th,1,,
,,,,2,Praveen Kumar A V (178),EEE/INS,2235,Th,1,,
,,,,3,S M Zafaruddin (242),EEE/INS,2214,Th,1,,
,,,,4,Pawan K Ajmera (322),EEE/INS,2215,Th,1,,
,,,,5,Harshavardhan S (427),EEE/INS,2212,Th,1,,
1344,INSTR F244,MICROELECTRONIC CIRCUITS,3  0  3,1,ANU GUPTA (44),EEE/INS,5101,M W F,4,,01/05  FN
,,,,2,Abhijit R Asati (583),EEE/INS,5102,M W F,4,,
,,Tutorial,,1,Pankaj Arora (724),EEE/INS,2206,W,1,,
,,,,2,Rupam Goswami (649),EEE/INS,2207,W,1,,
,,,,3,Mahesh Angira (308),EEE/INS,2204,W,1,,
,,,,4,Nitin Chaturvedi (18),EEE/INS,2216,W,1,,
,,,,5,Kavindra Kandpal (183),EEE/INS,2212,W,1,,
1660,INSTR F266,STUDY PROJECT,0  0  3,1,VINOD KUMAR CHAUBEY (645),EEE/INS,,,,,
1348,INSTR F341,ANALOG ELECTRONICS,3  1  4,1,VINOD KUMAR CHAUBEY (645),EEE/INS,5106,T Th S,5,,13/05  FN
,,,,2,Arnab Hazra (122),EEE/INS,6163,T Th S,5,,
,,Practical,,1,Ritish Kumar (RS) (1045),EEE/INS,2241,T,1 2 3,,
,,,,,Ankita Dixit (RS) (1004),EEE/INS,,,,,
,,,,2,Ritish Kumar (RS) (1045),EEE/INS,2241,T,7 8 9,,
,,,,,Ashish Kumar Verma (RS) (639),EEE/INS,,,,,
,,,,3,Kanika (RS) (625),EEE/INS,2241,Th,1 2 3,,
,,,,,Ashish Kumar Verma (RS) (639),EEE/INS,,,,,
,,,,4,Kanika (RS) (625),EEE/INS,2241,Th,7 8 9,,
,,,,,Teena   Gakhar (RS) (1072),EEE/INS,,,,,
,,,,5,Ankita Dixit (RS) (1004),EEE/INS,2241,S,7 8 9,,
,,,,,Teena   Gakhar (RS) (1072),EEE/INS,,,,,
,,Tutorial,,1,Arnab Hazra (122),EEE/INS,2212,F,1,,
,,,,2,Navneet Gupta (381),EEE/INS,2235,F,1,,
,,,,3,Pankaj Arora (724),EEE/INS,2214,F,1,,
,,,,4,Rupam Goswami (649),EEE/INS,2207,F,1,,
,,,,5,Kari Babu Ravi Teja (29),EEE/INS,2222,F,1,,
1349,INSTR F342,POWER ELECTRONICS,3  1  4,1,RAJNEESH KUMAR (419),EEE/INS,5106,M W F,4,,01/05  FN
,,,,2,Dheerendra Singh (358),EEE/INS,6163,M W F,4,,
,,Practical,,1,Ravinder Kumar (RS) (405),EEE/INS,2119,T,1 2 3,,
,,,,,Dave Heema (RS) (1010),EEE/INS,,,,,
,,,,2,Ravinder Kumar (RS) (405),EEE/INS,2119,T,7 8 9,,
,,,,,Dhananjay (RS) (98),EEE/INS,,,,,
,,,,3,Akhilesh   Kumar Mishra (RS) (1002),EEE/INS,2119,Th,7 8 9,,
,,,,,Dave Heema (RS) (1010),EEE/INS,,,,,
,,,,4,Akhilesh   Kumar Mishra (RS) (1002),EEE/INS,2119,S,7 8 9,,
,,,,,Prashant Upadhyay (RS) (84),EEE/INS,,,,,
,,,,5,Prashant Upadhyay (RS) (84),EEE/INS,2119,Th,1 2 3,,
,,,,,Dhananjay (RS) (98),EEE/INS,,,,,
,,Tutorial,,1,Rajneesh Kumar (419),EEE/INS,2235,W,1,,
,,,,2,Dheerendra Singh (358),EEE/INS,2221,W,1,,
,,,,3,Ashish Patel (141),EEE/INS,2215,W,1,,
,,,,4,Hari Om Bansal (508),EEE/INS,2203,W,1,,
,,,,5,Hitesh Dutt Mathur (536),EEE/INS,1205,W,1,,
1350,INSTR F343,INDUS INSTRUMENT & CONT,3  0  3,1,PUNEET MISHRA (309),EEE/INS,6155,T Th S,4,,08/05  FN
,,Tutorial,,1,Puneet Mishra (309),EEE/INS,2212,S,1,,
,,,,2,Sujan Yenuganti (123),EEE/INS,2214,S,1,,
1734,INSTR F366,LABORATORY PROJECT,0  0  3,1,VINOD KUMAR CHAUBEY (645),EEE/INS,,,,,
1745,INSTR F367,LABORATORY PROJECT,0  0  3,1,VINOD KUMAR CHAUBEY (645),EEE/INS,,,,,
1694,INSTR F376,DESIGN PROJECT,0  0  3,1,VINOD KUMAR CHAUBEY (645),EEE/INS,,,,,
1761,INSTR F377,DESIGN PROJECT,0  0  3,1,VINOD KUMAR CHAUBEY (645),EEE/INS,,,,,
1352,INSTR F414,TELECOM SWIT SYS & NETWK,3  0  3,1,RAHUL SINGHAL (140),EEE/INS,2214,M W F,9,,04/05  FN
1351,INSTR F432,MEDICAL INSTRUMENTATION,3  0  3,1,SUJAN YENUGANTI (123),EEE/INS,6151,M W F,7,,11/05  FN
1719,INSTR F491,SPECIAL PROJECT,0  0  3,1,VINOD KUMAR CHAUBEY (645),EEE/INS,,,,,
1532,IS F311,COMPUTER GRAPHICS,3  0  3,1,JENNIFER RANJANI J. (8),CS/IS,6155,T Th S,3,,03/05  FN
1331,IS F462,NETWORK PROGRAMMING,3  0  3,1,K HARI BABU (727),CS/IS,6109,M W F,7,,11/05  FN
275,ITEB G621,SUPPLY CHAIN MANAGEMENT,0  0  4,1,SRIKANTA ROUTROY (435),ME,6160,M W F,3,,10/05  FN
1011,MATH F112,MATHEMATICS-II,3  0  3,2,Devendra Kumar (49),MATH,5105,M W F,9,,08/05 AN
,,,,,Krishnendra Shekhawat (168),MATH,,,,,
,,,,3,Balram Dubey (606),MATH,5105,T Th S,3,,
,,,,,Trilok Mathur (379),MATH,,,,,
,,,,1,ASHISH TIWARI (675),MATH,5105,M W F,4,,
,,,,,Jitender Kumar (86),MATH,,,,,
,,Tutorial,,1,Balram Dubey (606),MATH,6158,T,1,,
,,,,2,Trilok Mathur (379),MATH,6157,T,8,,
,,,,3,Rajesh Kumar (565),MATH,6154,T,8,,
,,,,4,Amol Holkundkar (64),PHY,6155,T,5,,
,,,,5,Shivi Agarwal (9704),MATH,6103,T,8,,
,,,,6,Balram Dubey (606),MATH,6158,T,9,,
,,,,7,Snadeep Dalal (RS) (388),MATH,6101,T,9,,
,,,,8,Sangita Yadav (52),MATH,6154,T,5,,
,,,,9,Gaurav Dwivedi (43),MATH,6154,T,9,,
,,,,10,Biswanath Layek (538),PHY,6155,W,2,,
,,,,11,Devendra Kumar (49),MATH,2221,M,3,,
,,,,12,Devendra Kumar (49),MATH,6160,Th,2,,
,,,,13,Madhukar Mishra (522),PHY,6153,Th,2,,
,,,,14,Sangita Yadav (52),MATH,6154,Th,2,,
,,,,15,Bhupendra K Sharma (390),MATH,6155,S,5,,
,,,,16,Bhupendra K Sharma (390),MATH,6157,Th,8,,
,,,,17,Rakesh Choubisa (935),PHY,6158,Th,8,,
,,,,18,Jitender Kumar (86),MATH,6104,S,5,,
,,,,19,Krishnendra Shekhawat (168),MATH,6156,Th,5,,
,,,,20,Shivi Agarwal (9704),MATH,6105,Th,9,,
,,,,21,Rajesh Kumar (565),MATH,6159,Th,9,,
,,,,22,Gaurav Dwivedi (43),MATH,6153,Th,9,,
,,,,23,Gaurav Dwivedi (43),MATH,6155,Th,5,,
,,,,24,Jitender Kumar (86),MATH,6158,M,1,,
,,,,25,Trilok Mathur (379),MATH,6161,M,1,,
1012,MATH F113,PROBABILITY & STATISTICS,3  0  3,2,Suresh Kumar (28),MATH,5105,T Th S,4,,01/05 AN
,,,,,C B Gupta (277),MATH,,,,,
,,,,3,Chandra Shekhar (853),MATH,5105,M W F,8,,
,,,,,Shivi Agarwal (9704),MATH,,,,,
,,,,1,SUMANTA PASARI (174),MATH,5105,M W F,5,,
,,,,,Rajiv Kumar (650),MATH,,,,,
,,Tutorial,,1,Chandra Shekhar (853),MATH,6153,M,1,,
,,,,2,Suresh Kumar (28),MATH,6107,T,8,,
,,,,3,Rajiv Kumar (650),MATH,6153,T,8,,
,,,,4,Priyanka Kumari (RS) (213),MATH,6157,T,5,,
,,,,5,Pradeep Kr H Keskar (455),MATH,6104,T,5,,
,,,,6,C B Gupta (277),MATH,6155,T,9,,
,,,,7,Santosh Kumar Yadav (RS) (386),MATH,6157,T,9,,
,,,,8,Sumanta Pasari (174),MATH,6152,T,9,,
,,,,9,Shivi Agarwal (9704),MATH,6151,T,5,,
,,,,10,Gaurav Dwivedi (43),MATH,6157,W,2,,
,,,,11,Jitender Kumar (86),MATH,6159,W,2,,
,,,,12,Jitender Kumar (86),MATH,6158,Th,2,,
,,,,13,Shivi Agarwal (9704),MATH,6162,Th,2,,
,,,,14,Gaurav Dwivedi (43),MATH,6157,Th,2,,
,,,,15,Gaurav Dwivedi (43),MATH,6161,S,5,,
,,,,16,Jitender Kumar (86),MATH,6155,Th,8,,
,,,,17,Devendra Kumar (49),MATH,6108,Th,8,,
,,,,18,Devendra Kumar (49),MATH,6157,S,5,,
,,,,19,Devendra Kumar (49),MATH,6157,Th,5,,
,,,,20,Satyendra Singh Chauhan (RS) (105,MATH,6157,Th,9,,
,,,,21,Pradeep Kr H Keskar (455),MATH,6158,Th,9,,
,,,,22,K Satya Pritam (RS) (382),MATH,6154,Th,9,,
,,,,23,Shreekant Varshney (RS) (1061),MATH,6154,Th,5,,
,,,,24,Shivi Agarwal (9704),MATH,6103,F,2,,
,,,,25,Shruti Goel (RS) (1062),MATH,2235,M,3,,
1340,MATH F231,NUMBER THEORY,3  0  3,1,ASHISH TIWARI (675),MATH,6109,T Th S,3,,03/05  FN
,,Tutorial,,1,Ashish Tiwari (675),MATH,6152,T,1,,
1465,MATH F241,MATHEMATICAL METHODS,3  0  3,1,BHUPENDRA K SHARMA (390),MATH,6107,T Th S,3,,03/05  FN
,,Tutorial,,1,Bhupendra K Sharma (390),MATH,6162,W,1,,
1466,MATH F242,OPERATIONS RESEARCH,3  0  3,1,CHANDRA SHEKHAR (853),MATH,6107,T Th S,4,,08/05  FN
,,Tutorial,,1,Chandra Shekhar (853),MATH,6163,W,1,,
1467,MATH F243,GRAPHS AND NETWORKS,3  0  3,1,KRISHNENDRA SHEKHAWAT (168),MATH,2206,M W F,4,,10/05  FN
,,Tutorial,,1,Krishnendra Shekhawat (168),MATH,6108,Th,1,,
1468,MATH F244,MEASURE & INTEGRATION,3  0  3,1,RAJIV KUMAR (650),MATH,6107,M W F,3,,01/05  FN
,,Tutorial,,1,Rajiv Kumar (650),MATH,6106,T,1,,
1662,MATH F266,STUDY PROJECT,0  0  3,1,BHUPENDRA K SHARMA (390),MATH,,,,,
1472,MATH F341,INTRO TO FUNCTIONAL ANAL,3  0  3,1,SANGITA YADAV (52),MATH,6107,M W F,2,,07/05  FN
,,Tutorial,,1,Sangita Yadav (52),MATH,6107,T,2,,
1473,MATH F342,DIFFERENTIAL GEOMETRY,3  0  3,1,PRADEEP KR H KESKAR (455),MATH,6107,M W F,5,,06/05  FN
,,Tutorial,,1,Pradeep Kr H Keskar (455),MATH,6107,S,1,,
1474,MATH F343,PARTIAL DIFF EQUATIONS,3  0  3,1,RAJESH KUMAR (565),MATH,6108,T Th S,5,,13/05  FN
,,Tutorial,,1,Rajesh Kumar (565),MATH,6157,F,1,,
1679,MATH F366,LABORATORY PROJECT,0  0  3,1,BHUPENDRA K SHARMA (390),MATH,,,,,
1747,MATH F367,LABORATORY PROJECT,0  0  3,1,BHUPENDRA K SHARMA (390),MATH,,,,,
1696,MATH F376,DESIGN PROJECT,0  0  3,1,BHUPENDRA K SHARMA (390),MATH,,,,,
1763,MATH F377,DESIGN PROJECT,0  0  3,1,BHUPENDRA K SHARMA (390),MATH,,,,,
1882,MATH F420,MATHEMATICAL MODELLING,3  0  4,1,BALRAM DUBEY (606),MATH,6158,M W F,9,,04/05  FN
2191,MATH F424,APPLIED STOCHASTIC PROCESS,3  1  4,1,RAKHEE (439),MATH,6154,M W F,7,,11/05  FN
,,Tutorial,,1,Rakhee (439),MATH,6154,M,1,,
1330,MATH F441,DISCRETE MATHS STRUC,3  0  3,1,TRILOK MATHUR (379),MATH,6108,M W F,8,,02/05  FN
1476,MATH F471,NONLINEAR OPTIMIZATION,3  0  3,1,C B GUPTA (277),MATH,6154,M W F,3,,10/05  FN
1721,MATH F491,SPECIAL PROJECT,0  0  3,1,BHUPENDRA K SHARMA (390),MATH,,,,,
244,MBA C483,MARKETING RESEARCH,3  0  3,1,ANIL K BHATT (799),MGTS,6105,M W F,9,,09/05 AN
2207,MBA G506,NEGOTIATION SKILL & TECH,2  0  2,1,MOHAMMAD FARAZ NAIM (779),MGTS,6156,S,4 5,,04/05 AN
2214,MBA G510,HUMAN RESOURCE MGMT,0  0  4,1,JAYASHREE MAHESH (143),MGTS,6156,M F,1 2,,14/05 AN
2218,MBA G516,CORPORATE FINANCE & TAX,0  0  4,1,SAURABH CHADHA (392),MGTS,6156,T Th,1 2,,10/05 AN
2220,MBA G518,MARKETING,0  0  4,1,ARUN KUMAR (17),MGTS,6156,M F,3 4,,06/05 AN
2221,MBA G519,PRODUCT & OPERATION MGMT,0  0  4,1,RAJESH MATAI (321),MGTS,6161,T Th,4 5,,02/05 AN
2222,MBA G521,SUPPLY CHAIN MANAGEMENT,0  0  4,1,SATYENDRA KR SHARMA (363),MGTS,6156,T Th,8 9,,08/05 AN
939,MBA G523,PROJECT MANAGEMENT,0  0  4,1,ANIL K BHATT (799),MGTS,6159,T Th S,3,,13/05 AN
,,,,,Udayan Chanda (147),MGTS,,,,,
2256,MBA G534,INTRODUCTION TO BUSINESS,3  0  3,1,PRAVEEN GOYAL (156),MGTS,6160,M W F,9,,09/05 AN
2235,MBA G537,SECUR ANAL & PORTFOL MGT,3  0  3,1,ARYA KUMAR (715),ECOFIN,6164,M W F,7,,11/05 AN
2241,MBA G571,MANAGEMENT INFORM SYSTEM,3  0  3,1,NIRANKUSH DUTTA (15),MGTS,6105,W S,1 2,,03/05 AN
2243,MBA G575,FINANCIAL ENGINEERING,3  0  3,1,UDAYAN CHANDA (147),MGTS,6151,M W F,8,,09/05 AN
2245,MBA G582,CREAT & LEAD ENTREP ORGN,3  0  3,1,JYOTI (562),MGTS,6156,M W F,8,,01/05 AN
2246,MBA G583,MARKETING RESEARCH,3  0  3,1,ANIL K BHATT (799),MGTS,6105,M W F,9,,09/05 AN
1013,ME F110,WORKSHOP PRACTICE,0  4  2,1,GAJANAND GUPTA (169),ME,4110,M F,1 2,,03/05 AN
,,,,,Rahul Uke (RS) (637),ME,,,,,
,,,,,TBA (Me) (972),ME,,,,,
,,,,2,Abhishesh Mishra (RS) (107),ME,4110,M F,3 4,,
,,,,,Sangram Kegridas (RS) (410),ME,,,,,
,,,,,TBA (Me) (972),ME,,,,,
,,,,3,Kailash Choudhary (RS) (1020),ME,4110,T Th,1 2,,
,,,,,Shailendra Pawanr (RS) (1058),ME,,,,,
,,,,,TBA (Me) (972),ME,,,,,
,,,,4,Neetu Malik (RS) (215),ME,4110,T Th,3 4,,
,,,,,Shivani Nain (RS) (62),ME,,,,,
,,,,,TBA (Me) (972),ME,,,,,
,,,,5,Nitesh Gokhale (RS) (511),ME,4110,T Th,7 8,,
,,,,,K G Daiya (9712),ME,,,,,
,,,,,TBA (999),UNKN,,,,,
,,,,6,Pingale Ajay Dadabhau (RS) (70),ME,4110,W S,1 2,,
,,,,,K G Daiya (9712),ME,,,,,
,,,,,TBA (Me) (972),ME,,,,,
1263,ME F241,MACHINE DESIGN & DRAWING,3  1  4,1,M S DASGUPTA (352),ME,6109,M W F,4,,01/05  FN
,,,,,Gaurav Watts (272),ME,,,,,
,,Practical,,1,Rahul Priyadarshi (RS) (295),ME,6118,M,7 8,,
,,,,2,Rohit Gunerkar (RS) (690),ME,6118,T,9 10,,
,,,,3,Rahul Priyadarshi (RS) (295),ME,6118,W,7 8,,
,,,,4,Rohit Gunerkar (RS) (690),ME,6118,F,7 8,,
1264,ME F242,IC ENGINES,2  0  2,1,SACHIN U BELGAMWAR (619),ME,2204,T Th,4,,08/05  FN
,,Tutorial,,1,Sachin U Belgamwar (619),ME,6106,W,1,,
,,,,2,Aneesh A. M (758),ME,6157,W,1,,
,,,,3,Shyam Sundar Yadav (55),ME,6104,W,1,,
1265,ME F243,PRODUCTION TECHNIQUES I,2  1  3,1,KULDIP SINGH SANGWAN (193),ME,6163,M W,3,,10/05  FN
,,Practical,,1,Narpat Ram Sangwa (RS) (269),ME,4110,M,7 8,,
,,,,2,Santosh Saraswat (RS) (572),ME,4110,W,7 8,,
,,,,3,Ravinder Kumar (505),ME,4110,F,7 8,,
,,,,4,Narpat Ram Sangwa (RS) (269),ME,4110,Th,9 10,,
1266,ME F244,KIN & DYN OF   MACHINES,3  0  3,1,JITENDRA S RATHORE (569),ME,5106,T Th S,3,,03/05  FN
,,Tutorial,,1,Ashish Kumar Srivastava (RS) (1009,ME,2214,M,1,,
,,,,2,Jitendra S Rathore (569),ME,2235,M,1,,
,,,,3,Kiran Raj (RS) (691),ME,2221,M,1,,
,,,,4,Sachin U Belgamwar (619),ME,2222,M,1,,
1663,ME F266,STUDY PROJECT,0  0  3,1,M S DASGUPTA (352),ME,,,,,
2286,ME F340,INTRODUCTION TO SPORTS,3  0  3,1,M S DASGUPTA (352),ME,1202,M W F,10,,09/05  FN
,,,,,R Gupta (790),CE,,,,,
1270,ME F341,PRIMEMOVERS & FLUID MACH,2  1  3,1,MANOJ SONI (618),ME,6152,M W,5,,06/05  FN
,,Practical,,1,Rishi Kumar (RS) (603),ME,2124,M,1 2,,
,,,,2,Ashish Kumar Srivastava (RS) (1009,ME,2124,T,7 8,,
,,,,3,Vivek Tiwari (RS) (509),ME,2124,Th,7 8,,
,,,,4,A R Harikrishnan (722),ME,2124,S,1 2,,
1272,ME F342,COMPUTER AIDED DESIGN,3  1  4,1,GAURAV WATTS (272),ME,6109,T Th S,5,,13/05  FN
,,Tutorial,,1,Gaurav Watts (272),ME,6155,F,1,,
,,,,2,Amol M R Marathe (634),ME,6108,F,1,,
,,,,3,Murali Palla (172),ME,6107,F,1,,
,,,,4,K P Venkatesh (576),ME,6105,F,1,,
1271,ME F343,MECHANICAL VIBRATIONS,3  0  3,1,ARUN KUMAR JALAN (314),ME,6105,M W F,4,,01/05  FN
,,Tutorial,,1,Arun Kumar Jalan (314),ME,2207,Th,1,,
,,,,2,Jitendra S Rathore (569),ME,2221,Th,1,,
,,,,3,Shital Patil (RS) (629),ME,2203,Th,1,,
1273,ME F344,ENGINEERING OPTIMIZATION,2  0  2,1,BIJOY KUMAR RAUT (293),ME,1223,T Th,4,,08/05  FN
,,Tutorial,,1,Gajanand Gupta (169),ME,6108,W,1,,
,,,,2,Murali Palla (172),ME,6151,W,1,,
,,,,3,Ravinder Kumar (505),ME,6152,W,1,,
,,,,4,Shailendra Pawanr (RS) (1058),ME,6154,W,1,,
,,,,5,Srikanta Routroy (435),ME,6155,W,1,,
1680,ME F366,LABORATORY PROJECT,0  0  3,1,M S DASGUPTA (352),ME,,,,,
1748,ME F367,LABORATORY PROJECT,0  0  3,1,M S DASGUPTA (352),ME,,,,,
1697,ME F376,DESIGN PROJECT,0  0  3,1,M S DASGUPTA (352),ME,,,,,
1764,ME F377,DESIGN PROJECT,0  0  3,1,M S DASGUPTA (352),ME,,,,,
1278,ME F416,REV ENG & RAPID PROTOTYP,3  0  3,1,PRATEEK KALA (202),ME,2206,M W F,8,,02/05  FN
1281,ME F420,POWER PLANT ENGINEERING,3  0  3,1,P SRINIVASAN (78),ME,6104,M W F,9,,04/05  FN
,,Tutorial,,1,P Srinivasan (78),ME,2204,T,9,,
1810,ME F423,MICRO-FLUIDICS & ITS APP,0  0  4,1,ANEESH A. M (758),ME,2207,M W F,7,,11/05  FN
1282,ME F432,COMPUTER AIDED MANUFACT,3  0  3,1,TUFAN CHANDRA BERA (315),ME,2207,T Th S,3,,03/05  FN
,,Practical,,1,Shrikanta Pawar (RS) (692),ME,4110,T,1 2,,
1778,ME F433,SOLAR THERMAL PROCESS ENGG,3  1  4,1,MANOJ SONI (618),ME,1204,T Th S,3,,03/05  FN
1287,ME F461,REFRIGERATION & AIRCOND,3  0  3,1,AAKASH CHAND RAI (247),ME,6105,M W F,7,,11/05  FN
1290,ME F491,SPECIAL PROJECT,0  0  3,1,M S DASGUPTA (352),ME,,,,,
2059,ME G513,HEAT & COOL OF BUILDINGS,0  0  5,1,AAKASH CHAND RAI (247),ME,2212,T Th S,4,,08/05 AN
410,ME G515,COMPUT FLUID DYNAMICS,0  0  5,1,SHYAM SUNDAR YADAV (55),ME,2215,M W F,5,,06/05 AN
266,ME G611,COMP AIDED ANAL & DESIGN,2  3  5,1,AMOL M R MARATHE (634),ME,2203,T Th S,3,,03/05 AN
224,MEL G632,ANALOG IC DESIGN,3  2  5,1,ANU GUPTA (44),EEE/INS,2235,T Th S,4,,08/05 AN
484,MEL G641,CAD FOR IC DESIGN,3  2  5,1,ABHIJIT R ASATI (583),EEE/INS,2207,T Th S,2,,14/05 AN
817,MEL G642,VLSI ARCHITECTURE,2  2  4,1,CHANDRA SHEKHAR (190),EEE/INS,5103,T Th S,5,,13/05 AN
,,,,,S Gurunarayanan (928),EEE/INS,,,,,
,,Practical,,1,Abheek Gupta (RS) (541),EEE/INS,2123,W,8 9,,
,,,,,Kanika (RS) (625),EEE/INS,,,,,
1398,MF F241,MACHINE DESIGN & DRAWING,3  1  4,1,M S DASGUPTA (352),ME,6109,M W F,4,,01/05  FN
,,,,,Gaurav Watts (272),ME,,,,,
,,Practical,,1,Rahul Priyadarshi (RS) (295),ME,6118,M,7 8,,
,,,,2,Rohit Gunerkar (RS) (690),ME,6118,T,9 10,,
,,,,3,Rahul Priyadarshi (RS) (295),ME,6118,W,7 8,,
,,,,4,Rohit Gunerkar (RS) (690),ME,6118,F,7 8,,
1399,MF F242,MANUFACTURING MANAGEMENT,2  0  2,1,ABHIJIT K DIGALWAR (524),ME,6156,T Th,4,,08/05  FN
,,Tutorial,,1,Kuldip Singh Sangwan (193),ME,6158,W,1,,
1400,MF F243,MANUFACTURING PROCESSES,2  1  3,1,GIRISH KANT (214),ME,2203,M W,3,,10/05  FN
,,Tutorial,,1,Shital Patil (RS) (629),ME,6103,T,1,,
1401,MF F244,KIN & DYN OF   MACHINES,3  0  3,1,JITENDRA S RATHORE (569),ME,5106,T Th S,3,,03/05  FN
,,Tutorial,,1,Ashish Kumar Srivastava (RS) (1009,ME,2214,M,1,,
,,,,2,Jitendra S Rathore (569),ME,2235,M,1,,
,,,,3,Kiran Raj (RS) (691),ME,2221,M,1,,
,,,,4,Sachin U Belgamwar (619),ME,2222,M,1,,
1664,MF F266,STUDY PROJECT,0  0  3,1,M S DASGUPTA (352),ME,,,,,
1405,MF F341,DESIGN OF MACHINE TOOLS,3  0  3,1,SHARAD SRIVASTAVA (218),ME,2222,M W F,5,,06/05  FN
,,Tutorial,,1,Chetan Jalendra (RS) (648),ME,2204,S,1,,
1407,MF F342,COMPUTER AIDED DESIGN,3  1  4,1,GAURAV WATTS (272),ME,6109,T Th S,5,,13/05  FN
,,Tutorial,,1,Gaurav Watts (272),ME,6155,F,1,,
,,,,2,Amol M R Marathe (634),ME,6108,F,1,,
,,,,3,Murali Palla (172),ME,6107,F,1,,
,,,,4,K P Venkatesh (576),ME,6105,F,1,,
1406,MF F343,CASTING & WELDING,3  1  4,1,TUFAN CHANDRA BERA (315),ME,6159,M W F,4,,01/05  FN
,,Practical,,1,Abdullla Sultan (RS) (614),ME,4110,T,8 9,,
,,,,2,Chetan Jalendra (RS) (648),ME,4110,Th,8 9,,
1408,MF F344,ENGINEERING OPTIMIZATION,2  0  2,1,BIJOY KUMAR RAUT (293),ME,1223,T Th,4,,08/05  FN
,,Tutorial,,1,Gajanand Gupta (169),ME,6108,W,1,,
,,,,2,Murali Palla (172),ME,6151,W,1,,
,,,,3,Ravinder Kumar (505),ME,6152,W,1,,
,,,,4,Shailendra Pawanr (RS) (1058),ME,6154,W,1,,
,,,,5,Srikanta Routroy (435),ME,6155,W,1,,
1681,MF F366,LABORATORY PROJECT,0  0  3,1,M S DASGUPTA (352),ME,,,,,
1749,MF F367,LABORATORY PROJECT,0  0  3,1,M S DASGUPTA (352),ME,,,,,
1698,MF F376,DESIGN PROJECT,0  0  3,1,M S DASGUPTA (352),ME,,,,,
1765,MF F377,DESIGN PROJECT,0  0  3,1,M S DASGUPTA (352),ME,,,,,
1413,MF F413,MECH VIBRAT & ACOUSTICS,3  0  3,1,ARUN KUMAR JALAN (314),ME,6159,M W F,7,,11/05  FN
1417,MF F418,LEAN MANUFACTURING,3  0  3,1,ABHIJIT K DIGALWAR (524),ME,6103,M W F,9,,04/05  FN
1418,MF F421,SUPPLY CHAIN MANAGEMENT,0  0  4,1,SRIKANTA ROUTROY (435),ME,6160,M W F,3,,10/05  FN
1422,MF F491,SPECIAL PROJECT,0  0  3,1,M S DASGUPTA (352),ME,,,,,
1024,MGTS F211,PRINCIPLES OF MANAGEMENT,3  0  3,1,NEETU YADAV (171),MGTS,6101,M W F,2,,04/05 AN
,,,,2,Leela Rani (621),MGTS,6101,M W F,5,,
,,Tutorial,,1,Neetu Yadav (171),MGTS,6163,S,1,,
,,,,2,Leela Rani (621),MGTS,6164,S,1,,
,,,,3,Mohammad Faraz Naim (779),MGTS,6159,S,1,,
369,MSE G511,MECHATRONICS,3  2  5,1,PRATEEK KALA (202),ME,2215,M W F,4,,01/05 AN
389,MSE G512,MANUFACT PLANNING & CONT,0  0  4,1,RAJESH P MISHRA (100),ME,6108,T Th S,4,,08/05 AN
667,MUSIC,INDIA CLASS MUSIC(INST)I,0  0  3,1,ANIL RAI (814),HSS,6065,M W F,10,,30/04  FN
673,MUSIC,INDIA CLASS MUSIC(INST)II,0  0  3,1,ANIL RAI (814),HSS,6065,T Th S,10,,30/04 AN
1089,PHA F212,DISPENSING PHARMACY,2  1  3,1,DEEPAK CHITKARA (323),PHA,6159,M W,8,,11/05 AN
,,Practical,,1,Saurabh Sharma (RS) (478),PHA,3151,W,1 2 3,,
,,,,,Arihant Kumar Singh (RS) (719),PHA,,,,,
,,,,,Rupesh Sanjay kumar Jain (RS) (557,PHA,,,,,
,,,,2,Vamshi   Krishn (RS) (1076),PHA,3151,F,7 8 9,,
,,,,,Hinge Nikita Subhash (RS) (560),PHA,,,,,
,,,,,Sudeep Sudesh (RS) (3102),PHA,,,,,
,,Tutorial,,1,Deepak Chitkara (323),PHA,6157,T,2,,
1088,PHA F213,MICROBIOLOGY,2  1  3,1,ANIRUDDHA ROY (128),PHA,1205,T S,3,,03/05  FN
,,Practical,,1,Richa Srivastava (532),PHA,3114,M,8 9 10,,
,,,,,Moumita Basak (RS) (548),PHA,,,,,
,,,,,Pramita Saha (RS) (1037),PHA,,,,,
,,,,2,Geetika Wadhwa (RS) (114),PHA,3114,W,8 9 10,,
,,,,,K Laxmi swetha (RS) (1018),PHA,,,,,
,,,,,Moumita Basak (RS) (548),PHA,,,,,
,,Tutorial,,1,Aniruddha Roy (128),PHA,2215,M,1,,
1087,PHA F214,ANATOMY PHYSIO & HYGIENE,2  1  3,1,RAJEEV TALIYAN (24),PHA,1203,T Th,3,,09/05 AN
,,Practical,,1,Nisha Sharma (RS) (475),PHA,3118,Th,1 2,,
,,,,,Himanshu S. (RS) (158),PHA,,,,,
,,,,,TBA (Pha) (9730),PHA,,,,,
,,,,2,Violina Kakoty (RS) (1079),PHA,3118,F,7 8,,
,,,,,Geetika Wadhwa (RS) (114),PHA,,,,,
,,,,,Himanshu S. (RS) (158),PHA,,,,,
,,Tutorial,,1,RAJEEV TALIYAN (24),PHA,6154,S,5,,
1863,PHA F215,INTR TO MOL BIO & IMMUNO,3  0  3,1,ANIRUDDHA ROY (128),PHA,6161,M F,3,,10/05  FN
,,Tutorial,,1,Aniruddha Roy (128),PHA,6160,W,1,,
1291,PHA F241,PHARMACEUTICAL CHEMISTRY,2  1  3,1,SANDEEP SUNDRIYAL (997),PHA,6103,T Th,4,,08/05  FN
,,Practical,,1,Sandeep Sundriyal (997),PHA,3151,T,8 9,,
,,,,,Amritansh Bhanot (RS) (553),PHA,,,,,
,,,,,Sudeep Sudesh (RS) (3102),PHA,,,,,
,,,,2,Vaibhav Dixit (728),PHA,3151,Th,8 9,,
,,,,,Banoth Karan Kumar (RS) (551),PHA,,,,,
,,,,,K V Krishna (RS) (502),PHA,,,,,
,,Tutorial,,1,SANDEEP SUNDRIYAL (997),PHA,6104,T,1,,
1294,PHA F244,PHYSICAL PHARMACY,2  1  3,1,ANUPAMA MITTAL (333),PHA,6107,T Th,5,,13/05  FN
,,Practical,,1,I.K samjibhai (RS) (694),PHA,3149,T,8 9,,
,,,,,Arihant Kumar Singh (RS) (719),PHA,,,,,
,,,,,Saurabh Sharma (RS) (478),PHA,,,,,
,,,,2,I.K samjibhai (RS) (694),PHA,3149,Th,8 9,,
,,,,,Samrat Mazumdar (RS) (3100),PHA,,,,,
,,,,,TBA (Pha) (9730),PHA,,,,,
,,Tutorial,,1,Anupama Mittal (333),PHA,6154,F,1,,
1665,PHA F266,STUDY PROJECT,0  0  3,1,ATISH T R PAUL (134),PHA,,,,,
1299,PHA F313,INSTRU METHODS OF ANAL,2  1  4,1,S MURUGESAN (281),PHA,2215,T Th,4,,08/05  FN
,,Practical,,1,S Murugesan (281),PHA,3155,M,7 8 9,,
,,,,,K V Krishna (RS) (502),PHA,,,,,
,,,,,Malek Vajir (RS) (507),PHA,,,,,
,,,,,Nisha Sharma (RS) (475),PHA,,,,,
,,,,,Swati Sharma (RS) (1069),PHA,,,,,
,,Tutorial,,1,S Murugesan (281),PHA,2215,S,4,,
1296,PHA F341,PHARMACOLOGY II,2  1  3,1,ANIL GAIKWAD (19),PHA,6154,M F,5,,06/05  FN
,,Tutorial,,1,ANIL GAIKWAD (19),PHA,2203,S,1,,
1298,PHA F342,MEDICINAL CHEMISTRY II,2  1  3,1,R MAHESH (145),PHA,2203,T S,5,,13/05  FN
,,Practical,,1,S.N.C. Sridhar (RS) (1047),PHA,3150,Th,7 8 9,,
,,,,,Ginson George (RS) (479),PHA,,,,,
,,,,,Vamshi   Krishn (RS) (1076),PHA,,,,,
,,,,2,Ginson George (RS) (479),PHA,3150,T,7 8 9,,
,,,,,Banoth Karan Kumar (RS) (551),PHA,,,,,
,,,,,Samrat Mazumdar (RS) (3100),PHA,,,,,
,,Tutorial,,1,R Mahesh (145),PHA,2203,F,1,,
1301,PHA F343,FORENSIC PHARMACY,2  0  2,1,GAUTAM SINGHVI (432),PHA,2203,M F,4,,01/05  FN
,,Tutorial,,1,Gautam Singhvi (432),PHA,2203,T,1,,
1302,PHA F344,NATURAL DRUGS,2  1  3,1,ATISH T R PAUL (134),PHA,2203,T Th,4,,08/05  FN
,,Practical,,1,Pracheta Sengupta (RS) (474),PHA,3117,W,1 2,,
,,,,,Dhnashree Shurve (RS) (698),PHA,,,,,
,,,,,Prabhjeet Singh (RS) (584),PHA,,,,,
,,,,2,Dhnashree Shurve (RS) (698),PHA,3117,Th,1 2,,
,,,,,Deepak Kumar Sahel (RS) (582),PHA,,,,,
,,,,,Pracheta Sengupta (RS) (474),PHA,,,,,
,,Tutorial,,1,Atish T R Paul (134),PHA,2203,T,2,,
1682,PHA F366,LABORATORY PROJECT,0  0  3,1,ATISH T R PAUL (134),PHA,,,,,
1750,PHA F367,LABORATORY PROJECT,0  0  3,1,ATISH T R PAUL (134),PHA,,,,,
1699,PHA F376,DESIGN PROJECT,0  0  3,1,ATISH T R PAUL (134),PHA,,,,,
1766,PHA F377,DESIGN PROJECT,0  0  3,1,ATISH T R PAUL (134),PHA,,,,,
1304,PHA F414,BIOPHARMACEUTICS,3  0  3,1,MURALI M PANDEY (206),PHA,1225,M W F,3,,10/05  FN
1306,PHA F416,CHEM OF SYNTHETIC DRUGS,3  0  3,1,VAIBHAV DIXIT (728),PHA,2206,T Th S,3,,03/05  FN
1307,PHA F417,PHARMACOECONOMICS,3  0  3,1,HEMANT R JADHAV (866),PHA,1225,M W F,9,,04/05  FN
1308,PHA F422,COSMETIC SCIENCE,2  1  3,1,MURALI M PANDEY (206),PHA,1225,M W F,8,,02/05  FN
,,Practical,,1,Deepak Kumar Sahel (RS) (582),PHA,3149,M,1 2,,
,,,,,Rajesh Pradhan (RS) (699),PHA,,,,,
1724,PHA F491,SPECIAL PROJECT,0  0  3,1,ATISH T R PAUL (134),PHA,,,,,
2132,PHA G545,IPR AND PHARMACEUTICALS,0  0  4,1,SUNIL KUMAR DUBEY (527),PHA,1220,T Th S,3,,03/05 AN
67,PHA G611,ADVANCED PHARMACOLOGY,2  3  5,1,R MAHESH (145),PHA,2235,M W F,4,,01/05 AN
,,Practical,,1,Sushil   Yadav (RS) (1066),PHA,3118,T,7 8 9,,
,,,,,Prabhjeet Singh (RS) (584),PHA,,,,,
,,,,,Sarath Lal (RS) (545),PHA,,,,,
2105,PHA G619,SCR METHOD & TECH IN PHA,0  0  5,1,RAJEEV TALIYAN (24),PHA,6162,M W F,3,,10/05 AN
,,Practical,,1,Sarathlal K C (RS) (1052),PHA,3118,Th,7 8 9,,
,,,,,Violina K (RS) (556),PHA,,,,,
677,PHA G621,ADVANCED MEDICINAL CHEM,2  3  5,1,HEMANT R JADHAV (866),PHA,1220,T Th S,5,,13/05 AN
,,Practical,,1,Amritansh Bhanot (RS) (553),PHA,3150,F,7 8 9,,
,,,,,Rupesh Sanjay kumar Jain (RS) (557,PHA,,,,,
721,PHA G632,DOSAGE FORM DESIGN,2  3  5,1,ANIL JINDAL (328),PHA,1219,M W F,5,,06/05 AN
,,Practical,,1,Pramita Saha (RS) (1037),PHA,3116,W,7 8 9,,
,,,,,Rajesh Pradhan (RS) (699),PHA,,,,,
,,,,,Swati A (RS) (9552),PHA,,,,,
1015,PHY F111,MECH OSCIL & WAVES,3  0  3,1,RISHIKESH VAIDYA (329),PHY,5101,M W F,2,,13/05 AN
,,,,2,Niladri Sarkar (142),PHY,5101,M W F,8,,
,,,,,D Bandyopadhyay (467),PHY,,,,,
,,Tutorial,,1,Kusum Lata (655),PHY,1232,T,7,,
,,,,2,Rakesh Choubisa (935),PHY,2203,T,7,,
,,,,3,D D Pant (506),PHY,2214,T,7,,
,,,,4,D D Pant (506),PHY,2214,Th,7,,
,,,,5,Kusum Lata (655),PHY,2203,Th,7,,
,,,,6,Srijata Dey (709),PHY,1232,Th,7,,
,,,,7,Subhashish Gangopadhyay (113),PHY,1232,S,2,,
,,,,8,Tapomoy G Sarkar (109),PHY,2203,S,2,,
,,,,9,Rakesh Choubisa (935),PHY,2214,S,5,,
,,,,10,Srijata Dey (709),PHY,2214,T,2,,
,,,,11,D Bandyopadhyay (467),PHY,1232,T,2,,
,,,,12,Subhashish Gangopadhyay (113),PHY,1227,T,2,,
1493,PHY F215,INTRO TO ASTRO & ASTROPH,3  0  3,1,KAUSHAR VAIDYA (258),PHY,6102,T Th S,3,,03/05  FN
1482,PHY F241,ELECTROMAGNETIC THEO II,3  1  4,1,AMOL HOLKUNDKAR (64),PHY,6163,T Th S,2,,14/05  FN
,,Tutorial,,1,Amol Holkundkar (64),PHY,6104,M,1,,
1483,PHY F242,QUANTUM MECHANICS I,3  0  3,1,NILADRI SARKAR (142),PHY,6108,M W F,3,,10/05  FN
,,Tutorial,,1,Niladri Sarkar (142),PHY,6105,T,1,,
1484,PHY F243,MATH METHODS OF   PHYSICS,3  0  3,1,RR MISHRA (316),PHY,2206,T Th S,4,,08/05  FN
,,Tutorial,,1,RR Mishra (316),PHY,2206,Th,1,,
1485,PHY F244,MODERN PHYSICS LAB,0  2  2,1,NAVIN SINGH (397),PHY,3124,T Th,7 8,,
,,,,,J N Bandopadhyay (468),PHY,,,,,
,,,,2,Kaushar Vaidya (258),PHY,3124,M W,8 9,,
,,,,,D D Pant (506),PHY,,,,,
1666,PHY F266,STUDY PROJECT,0  0  3,1,RAJ KUMAR GUPTA (941),PHY,,,,,
1489,PHY F341,SOLID STATE PHYSICS,3  0  3,1,ANSHUMAN DALVI (802),PHY,2203,M W F,2,,07/05  FN
,,Tutorial,,1,Anshuman Dalvi (802),PHY,2206,Th,2,,
1490,PHY F342,ATOMIC & MOLECULAR PHY,3  0  3,1,SRIJATA DEY (709),PHY,2206,M W F,5,,06/05  FN
,,Tutorial,,1,Srijata Dey (709),PHY,1231,S,1,,
1491,PHY F343,NUCLEAR & PARTICLE PHY,3  0  3,1,BISWANATH LAYEK (538),PHY,2206,T Th S,5,,13/05  FN
,,Tutorial,,1,Biswanath Layek (538),PHY,1231,F,1,,
1492,PHY F344,ADVANCED PHYSICS LAB,0  3  3,1,MANJULADEVI V (366),PHY,3243,T Th,7 8 9,,
,,,,,Anshuman Dalvi (802),PHY,,,,,
,,,,,D Bandyopadhyay (467),PHY,,,,,
,,,,,Nilakshi Sharma (RS) (1031),PHY,,,,,
,,,,,Parul Taneja (RS) (500),PHY,,,,,
,,,,,Prachi Venkat (RS) (360),PHY,,,,,
,,,,,Raj Kumar Gupta (941),PHY,,,,,
,,,,,Shivraja.S.J. (RS) (1060),PHY,,,,,
,,,,,Subhashish Gangopadhyay (113),PHY,,,,,
,,,,,Sumita Choudhary (RS) (313),PHY,,,,,
1683,PHY F366,LABORATORY PROJECT,0  0  3,1,RAJ KUMAR GUPTA (941),PHY,,,,,
1751,PHY F367,LABORATORY PROJECT,0  0  3,1,RAJ KUMAR GUPTA (941),PHY,,,,,
1700,PHY F376,DESIGN PROJECT,0  0  3,1,RAJ KUMAR GUPTA (941),PHY,,,,,
1767,PHY F377,DESIGN PROJECT,0  0  3,1,RAJ KUMAR GUPTA (941),PHY,,,,,
1495,PHY F412,INTRO TO QUAN FIELD THEO,3  1  4,1,RISHIKESH VAIDYA (329),PHY,2216,M W F,9,,04/05  FN
1496,PHY F413,PARTICLE PHYSICS,3  1  4,1,MADHUKAR MISHRA (522),PHY,6104,M W F,3,,10/05  FN
1504,PHY F420,QUANTUM OPTICS,3  1  4,1,RR MISHRA (316),PHY,2221,M W F,7,,11/05  FN
1505,PHY F421,ADV QUANTUM MECHANICS,3  1  4,1,J N BANDOPADHYAY (468),PHY,2239,M W F,8,,02/05  FN
1725,PHY F491,SPECIAL PROJECT,0  0  3,1,RAJ KUMAR GUPTA (941),PHY,,,,,
327,SS G513,NETWORK SECURITY,3  1  4,1,ASHUTOSH BHATIA (279),CS/IS,1220,M W F,5,,06/05 AN
958,SS G515,DATA WAREHOUSING,3  2  5,1,YASHVARDHAN SHARMA (368),CS/IS,6152,T Th S,5,,13/05 AN
,,Practical,,1,Geetika Arora (RS) (521),CS/IS,6017,T,7 8,,
2107,SS G520,ADVANCED DATA MINING,3  1  4,1,POONAM GOYAL (94),CS/IS,6104,M W F,4,,01/05 AN
333,SS G653,SOFTWARE ARCHITECHTURES,3  2  5,1,SHASHANK GUPTA (11),CS/IS,6157,T Th S,4,,08/05 AN